Date,Open,High,Low,Close,Volume,Adj Close
2016-12-06,1722000.00,1760000.00,1720000.00,1748000.00,280000,1748000.00
2016-12-05,1717000.00,1734000.00,1711000.00,1718000.00,169600,1718000.00
2016-12-02,1724000.00,1738000.00,1707000.00,1727000.00,307000,1727000.00
2016-12-01,1740000.00,1753000.00,1733000.00,1749000.00,310700,1749000.00
2016-11-30,1677000.00,1747000.00,1677000.00,1746000.00,570700,1746000.00
2016-11-29,1690000.00,1698000.00,1669000.00,1677000.00,361600,1677000.00
2016-11-28,1650000.00,1681000.00,1640000.00,1677000.00,265800,1677000.00
2016-11-25,1641000.00,1652000.00,1633000.00,1650000.00,125500,1650000.00
2016-11-24,1649000.00,1652000.00,1633000.00,1650000.00,155100,1650000.00
2016-11-23,1661000.00,1661000.00,1626000.00,1649000.00,253300,1649000.00
2016-11-22,1607000.00,1645000.00,1600000.00,1640000.00,195000,1640000.00
2016-11-21,1565000.00,1606000.00,1565000.00,1593000.00,163600,1593000.00
2016-11-18,1582000.00,1588000.00,1570000.00,1586000.00,189200,1586000.00
2016-11-17,1555000.00,1576000.00,1545000.00,1568000.00,157400,1568000.00
2016-11-16,1540000.00,1564000.00,1540000.00,1558000.00,266100,1558000.00
2016-11-15,1553000.00,1581000.00,1539000.00,1539000.00,273300,1539000.00
2016-11-14,1595000.00,1596000.00,1552000.00,1553000.00,302600,1553000.00
2016-11-11,1585000.00,1618000.00,1585000.00,1598000.00,256700,1598000.00
2016-11-10,1630000.00,1650000.00,1618000.00,1649000.00,235900,1649000.00
2016-11-09,1646000.00,1657000.00,1591000.00,1596000.00,313600,1596000.00
2016-11-08,1649000.00,1649000.00,1635000.00,1644000.00,108300,1644000.00
2016-11-07,1647000.00,1650000.00,1634000.00,1640000.00,153200,1640000.00
2016-11-04,1605000.00,1634000.00,1605000.00,1627000.00,142000,1627000.00
2016-11-03,1630000.00,1640000.00,1606000.00,1616000.00,206800,1616000.00
2016-11-02,1640000.00,1652000.00,1631000.00,1643000.00,201900,1643000.00
2016-11-01,1630000.00,1652000.00,1612000.00,1652000.00,206900,1652000.00
2016-10-31,1616000.00,1639000.00,1611000.00,1639000.00,241300,1639000.00
2016-10-28,1580000.00,1614000.00,1580000.00,1614000.00,204200,1614000.00
2016-10-27,1571000.00,1617000.00,1556000.00,1573000.00,282300,1573000.00
2016-10-26,1597000.00,1599000.00,1562000.00,1567000.00,210600,1567000.00
2016-10-25,1600000.00,1604000.00,1592000.00,1597000.00,197300,1597000.00
2016-10-24,1593000.00,1608000.00,1590000.00,1608000.00,185700,1608000.00
2016-10-21,1606000.00,1613000.00,1588000.00,1589000.00,209500,1589000.00
2016-10-20,1626000.00,1651000.00,1609000.00,1620000.00,206600,1620000.00
2016-10-19,1579000.00,1643000.00,1575000.00,1625000.00,308800,1625000.00
2016-10-18,1572000.00,1595000.00,1572000.00,1589000.00,207600,1589000.00
2016-10-17,1565000.00,1602000.00,1538000.00,1590000.00,255700,1590000.00
2016-10-14,1548000.00,1588000.00,1547000.00,1577000.00,283100,1577000.00
2016-10-13,1550000.00,1581000.00,1545000.00,1557000.00,437200,1557000.00
2016-10-12,1495000.00,1545000.00,1494000.00,1535000.00,781700,1535000.00
2016-10-11,1600000.00,1625000.00,1545000.00,1545000.00,768500,1545000.00
2016-10-10,1650000.00,1689000.00,1628000.00,1680000.00,505800,1680000.00
2016-10-07,1700000.00,1716000.00,1690000.00,1706000.00,521000,1706000.00
2016-10-06,1696000.00,1700000.00,1667000.00,1691000.00,591100,1691000.00
2016-10-05,1601000.00,1626000.00,1597000.00,1619000.00,249400,1619000.00
2016-10-04,1610000.00,1624000.00,1606000.00,1614000.00,261000,1614000.00
2016-10-03,1598000.00,1598000.00,1598000.00,1598000.00,000,1598000.00
2016-09-30,1590000.00,1615000.00,1585000.00,1598000.00,235200,1598000.00
2016-09-29,1573000.00,1619000.00,1572000.00,1600000.00,227900,1600000.00
2016-09-28,1554000.00,1573000.00,1554000.00,1567000.00,174100,1567000.00
2016-09-27,1550000.00,1575000.00,1533000.00,1569000.00,196600,1569000.00
2016-09-26,1571000.00,1596000.00,1564000.00,1568000.00,290400,1568000.00
2016-09-23,1582000.00,1598000.00,1566000.00,1571000.00,365900,1571000.00
2016-09-22,1600000.00,1641000.00,1599000.00,1618000.00,228500,1618000.00
2016-09-21,1595000.00,1601000.00,1576000.00,1592000.00,210100,1592000.00
2016-09-20,1559000.00,1588000.00,1559000.00,1585000.00,258400,1585000.00
2016-09-19,1538000.00,1569000.00,1536000.00,1558000.00,448100,1558000.00
2016-09-16,1527000.00,1527000.00,1527000.00,1527000.00,000,1527000.00
2016-09-15,1527000.00,1527000.00,1527000.00,1527000.00,000,1527000.00
2016-09-14,1527000.00,1527000.00,1527000.00,1527000.00,000,1527000.00
2016-09-13,1508000.00,1549000.00,1495000.00,1527000.00,494300,1527000.00
2016-09-12,1490000.00,1506000.00,1456000.00,1465000.00,529900,1465000.00
2016-09-09,1611000.00,1618000.00,1564000.00,1575000.00,265100,1575000.00
2016-09-08,1623000.00,1639000.00,1614000.00,1639000.00,241400,1639000.00
2016-09-07,1648000.00,1652000.00,1621000.00,1621000.00,191800,1621000.00
2016-09-06,1607000.00,1645000.00,1597000.00,1643000.00,153200,1643000.00
2016-09-05,1590000.00,1615000.00,1585000.00,1606000.00,167600,1606000.00
2016-09-02,1595000.00,1613000.00,1588000.00,1597000.00,163000,1597000.00
2016-09-01,1583000.00,1588000.00,1563000.00,1587000.00,375800,1587000.00
2016-08-31,1641000.00,1641000.00,1611000.00,1620000.00,410600,1620000.00
2016-08-30,1647000.00,1671000.00,1633000.00,1645000.00,156900,1645000.00
2016-08-29,1602000.00,1640000.00,1597000.00,1640000.00,178500,1640000.00
2016-08-26,1606000.00,1623000.00,1603000.00,1612000.00,241100,1612000.00
2016-08-25,1630000.00,1659000.00,1622000.00,1639000.00,283400,1639000.00
2016-08-24,1680000.00,1682000.00,1636000.00,1653000.00,318700,1653000.00
2016-08-23,1665000.00,1694000.00,1657000.00,1687000.00,230900,1687000.00
2016-08-22,1674000.00,1692000.00,1659000.00,1665000.00,252200,1665000.00
2016-08-19,1638000.00,1675000.00,1636000.00,1675000.00,336100,1675000.00
2016-08-18,1567000.00,1644000.00,1566000.00,1640000.00,366500,1640000.00
2016-08-17,1569000.00,1570000.00,1551000.00,1566000.00,148900,1566000.00
2016-08-16,1545000.00,1576000.00,1545000.00,1568000.00,216800,1568000.00
2016-08-15,1545000.00,1545000.00,1545000.00,1545000.00,000,1545000.00
2016-08-12,1559000.00,1570000.00,1544000.00,1545000.00,209400,1545000.00
2016-08-11,1541000.00,1559000.00,1526000.00,1559000.00,210600,1559000.00
2016-08-10,1567000.00,1570000.00,1534000.00,1541000.00,246800,1541000.00
2016-08-09,1574000.00,1579000.00,1557000.00,1567000.00,180400,1567000.00
2016-08-08,1566000.00,1575000.00,1556000.00,1569000.00,222500,1569000.00
2016-08-05,1529000.00,1564000.00,1525000.00,1561000.00,139100,1561000.00
2016-08-04,1519000.00,1533000.00,1517000.00,1517000.00,140100,1517000.00
2016-08-03,1548000.00,1548000.00,1517000.00,1517000.00,150000,1517000.00
2016-08-02,1568000.00,1568000.00,1546000.00,1548000.00,166300,1548000.00
2016-08-01,1569000.00,1580000.00,1560000.00,1568000.00,230300,1568000.00
2016-07-29,1520000.00,1557000.00,1511000.00,1539000.00,299700,1539000.00
2016-07-28,1533000.00,1536000.00,1498000.00,1507000.00,190000,1507000.00
2016-07-27,1512000.00,1529000.00,1512000.00,1527000.00,126700,1527000.00
2016-07-26,1500000.00,1531000.00,1498000.00,1530000.00,144500,1530000.00
2016-07-25,1500000.00,1523000.00,1495000.00,1502000.00,154600,1502000.00
2016-07-22,1506000.00,1528000.00,1506000.00,1516000.00,171700,1516000.00
2016-07-21,1540000.00,1547000.00,1537000.00,1543000.00,170800,1543000.00
2016-07-20,1533000.00,1542000.00,1524000.00,1540000.00,155400,1540000.00
2016-07-19,1528000.00,1540000.00,1522000.00,1533000.00,202400,1533000.00
2016-07-18,1518000.00,1533000.00,1500000.00,1533000.00,231300,1533000.00
2016-07-15,1500000.00,1522000.00,1486000.00,1518000.00,232400,1518000.00
2016-07-14,1481000.00,1500000.00,1476000.00,1500000.00,248600,1500000.00
2016-07-13,1496000.00,1496000.00,1463000.00,1481000.00,200100,1481000.00
2016-07-12,1499000.00,1505000.00,1460000.00,1464000.00,220400,1464000.00
2016-07-11,1460000.00,1500000.00,1460000.00,1489000.00,281100,1489000.00
2016-07-08,1450000.00,1475000.00,1449000.00,1460000.00,269900,1460000.00
2016-07-07,1421000.00,1450000.00,1416000.00,1450000.00,229900,1450000.00
2016-07-06,1447000.00,1452000.00,1412000.00,1421000.00,334900,1421000.00
2016-07-05,1466000.00,1475000.00,1462000.00,1469000.00,157400,1469000.00
2016-07-04,1464000.00,1474000.00,1451000.00,1466000.00,159900,1466000.00
2016-07-01,1427000.00,1479000.00,1427000.00,1466000.00,287800,1466000.00
2016-06-30,1408000.00,1445000.00,1397000.00,1425000.00,273400,1425000.00
2016-06-29,1408000.00,1412000.00,1391000.00,1396000.00,210500,1396000.00
2016-06-28,1390000.00,1404000.00,1379000.00,1399000.00,214300,1398000.02
2016-06-27,1400000.00,1405000.00,1385000.00,1398000.00,236700,1397000.74
2016-06-24,1445000.00,1445000.00,1360000.00,1400000.00,411000,1398999.31
2016-06-23,1444000.00,1445000.00,1427000.00,1430000.00,225100,1428977.87
2016-06-22,1446000.00,1450000.00,1431000.00,1445000.00,178900,1443967.14
2016-06-21,1432000.00,1449000.00,1426000.00,1448000.00,200400,1446965.00
2016-06-20,1427000.00,1448000.00,1426000.00,1431000.00,270300,1429977.15
2016-06-17,1410000.00,1435000.00,1410000.00,1426000.00,328300,1424980.73
2016-06-16,1413000.00,1417000.00,1395000.00,1409000.00,292400,1407992.88
2016-06-15,1385000.00,1416000.00,1383000.00,1413000.00,306600,1411990.02
2016-06-14,1371000.00,1386000.00,1369000.00,1380000.00,245400,1379013.61
2016-06-13,1396000.00,1396000.00,1362000.00,1371000.00,304900,1370020.04
2016-06-10,1424000.00,1425000.00,1404000.00,1406000.00,289600,1404995.02
2016-06-09,1408000.00,1430000.00,1406000.00,1430000.00,515300,1428977.87
2016-06-08,1419000.00,1419000.00,1389000.00,1406000.00,376100,1404995.02
2016-06-07,1386000.00,1402000.00,1380000.00,1398000.00,462800,1397000.74
2016-06-06,1377000.00,1377000.00,1377000.00,1377000.00,000,1376015.75
2016-06-03,1370000.00,1379000.00,1364000.00,1377000.00,341300,1376015.75
2016-06-02,1350000.00,1372000.00,1346000.00,1365000.00,476100,1364024.33
2016-06-01,1298000.00,1341000.00,1295000.00,1333000.00,470000,1332047.20
2016-05-31,1280000.00,1300000.00,1268000.00,1292000.00,1250500,1291076.51
2016-05-30,1297000.00,1297000.00,1274000.00,1280000.00,206300,1279085.08
2016-05-27,1300000.00,1301000.00,1273000.00,1282000.00,274800,1281083.65
2016-05-26,1299000.00,1303000.00,1295000.00,1296000.00,253000,1295073.65
2016-05-25,1283000.00,1298000.00,1274000.00,1295000.00,237200,1294074.36
2016-05-24,1286000.00,1289000.00,1268000.00,1271000.00,208600,1270091.52
2016-05-23,1269000.00,1286000.00,1269000.00,1286000.00,162200,1285080.79
2016-05-20,1270000.00,1280000.00,1269000.00,1269000.00,159200,1268092.95
2016-05-19,1268000.00,1277000.00,1266000.00,1270000.00,200200,1269092.23
2016-05-18,1264000.00,1271000.00,1255000.00,1268000.00,183300,1267093.66
2016-05-17,1249000.00,1265000.00,1249000.00,1264000.00,183600,1263096.52
2016-05-16,1253000.00,1263000.00,1247000.00,1248000.00,234400,1247107.96
2016-05-13,1281000.00,1281000.00,1251000.00,1253000.00,245600,1252104.38
2016-05-12,1292000.00,1292000.00,1275000.00,1281000.00,152300,1280084.37
2016-05-11,1296000.00,1299000.00,1287000.00,1292000.00,176600,1291076.51
2016-05-10,1299000.00,1300000.00,1288000.00,1296000.00,171100,1295073.65
2016-05-09,1290000.00,1300000.00,1285000.00,1299000.00,274300,1298071.50
2016-05-06,1290000.00,1290000.00,1290000.00,1290000.00,000,1289077.94
2016-05-05,1290000.00,1290000.00,1290000.00,1290000.00,000,1289077.94
2016-05-04,1272000.00,1290000.00,1262000.00,1290000.00,294000,1289077.94
2016-05-03,1267000.00,1270000.00,1256000.00,1261000.00,158000,1260098.66
2016-05-02,1247000.00,1262000.00,1245000.00,1250000.00,140500,1249106.53
2016-04-29,1260000.00,1267000.00,1242000.00,1245000.00,325000,1244110.10
2016-04-28,1300000.00,1300000.00,1261000.00,1265000.00,293000,1264095.80
2016-04-27,1294000.00,1300000.00,1286000.00,1300000.00,165900,1299070.79
2016-04-26,1285000.00,1305000.00,1283000.00,1296000.00,166900,1295073.65
2016-04-25,1285000.00,1285000.00,1271000.00,1281000.00,91900,1280084.37
2016-04-22,1294000.00,1294000.00,1277000.00,1280000.00,114800,1279085.08
2016-04-21,1300000.00,1301000.00,1288000.00,1294000.00,145000,1293075.08
2016-04-20,1282000.00,1300000.00,1282000.00,1299000.00,171900,1298071.50
2016-04-19,1294000.00,1296000.00,1283000.00,1288000.00,144700,1287079.36
2016-04-18,1295000.00,1305000.00,1292000.00,1299000.00,128400,1298071.50
2016-04-15,1309000.00,1310000.00,1290000.00,1300000.00,136500,1299070.79
2016-04-14,1300000.00,1302000.00,1289000.00,1300000.00,335300,1299070.79
2016-04-13,1275000.00,1275000.00,1275000.00,1275000.00,000,1274088.66
2016-04-12,1270000.00,1281000.00,1266000.00,1275000.00,134000,1274088.66
2016-04-11,1246000.00,1271000.00,1246000.00,1266000.00,120600,1265095.09
2016-04-08,1269000.00,1269000.00,1240000.00,1246000.00,251800,1245109.39
2016-04-07,1300000.00,1300000.00,1258000.00,1269000.00,258700,1268092.95
2016-04-06,1269000.00,1291000.00,1268000.00,1285000.00,184200,1284081.51
2016-04-05,1299000.00,1299000.00,1260000.00,1260000.00,236300,1259099.38
2016-04-04,1279000.00,1305000.00,1279000.00,1305000.00,188000,1304067.21
2016-04-01,1299000.00,1309000.00,1271000.00,1279000.00,271100,1278085.80
2016-03-31,1306000.00,1314000.00,1298000.00,1312000.00,382600,1311062.21
2016-03-30,1310000.00,1321000.00,1302000.00,1308000.00,267600,1307065.07
2016-03-29,1294000.00,1300000.00,1285000.00,1290000.00,172400,1289077.94
2016-03-28,1288000.00,1300000.00,1288000.00,1294000.00,121200,1293075.08
2016-03-25,1283000.00,1290000.00,1278000.00,1288000.00,143400,1287079.36
2016-03-24,1279000.00,1290000.00,1266000.00,1282000.00,218700,1281083.65
2016-03-23,1269000.00,1279000.00,1262000.00,1279000.00,197400,1278085.80
2016-03-22,1267000.00,1279000.00,1262000.00,1269000.00,202800,1268092.95
2016-03-21,1274000.00,1279000.00,1258000.00,1267000.00,181100,1266094.38
2016-03-18,1278000.00,1278000.00,1263000.00,1273000.00,225300,1272090.09
2016-03-17,1265000.00,1296000.00,1257000.00,1263000.00,246800,1262097.23
2016-03-16,1256000.00,1263000.00,1253000.00,1256000.00,146800,1255102.24
2016-03-15,1255000.00,1264000.00,1246000.00,1253000.00,172800,1252104.38
2016-03-14,1267000.00,1273000.00,1249000.00,1255000.00,217100,1254102.95
2016-03-11,1225000.00,1253000.00,1216000.00,1249000.00,267200,1248107.24
2016-03-10,1208000.00,1236000.00,1201000.00,1225000.00,283500,1224124.40
2016-03-09,1188000.00,1199000.00,1177000.00,1194000.00,183300,1193146.55
2016-03-08,1223000.00,1224000.00,1186000.00,1192000.00,216200,1191147.98
2016-03-07,1220000.00,1231000.00,1215000.00,1223000.00,131300,1222125.83
2016-03-04,1220000.00,1228000.00,1202000.00,1215000.00,201400,1214131.54
2016-03-03,1213000.00,1220000.00,1202000.00,1220000.00,218900,1219127.97
2016-03-02,1200000.00,1207000.00,1196000.00,1197000.00,236300,1196144.41
2016-03-01,1178000.00,1178000.00,1178000.00,1178000.00,000,1177157.99
2016-02-29,1179000.00,1194000.00,1176000.00,1178000.00,288600,1177157.99
2016-02-26,1180000.00,1187000.00,1172000.00,1172000.00,177300,1171162.28
2016-02-25,1172000.00,1187000.00,1172000.00,1179000.00,133600,1178157.28
2016-02-24,1178000.00,1179000.00,1161000.00,1172000.00,140400,1171162.28
2016-02-23,1179000.00,1189000.00,1173000.00,1181000.00,147600,1180155.85
2016-02-22,1190000.00,1192000.00,1166000.00,1175000.00,174800,1174160.13
2016-02-19,1187000.00,1195000.00,1174000.00,1190000.00,176800,1189149.41
2016-02-18,1203000.00,1203000.00,1178000.00,1187000.00,222400,1186151.56
2016-02-17,1179000.00,1201000.00,1169000.00,1185000.00,246000,1184152.99
2016-02-16,1158000.00,1179000.00,1157000.00,1168000.00,180400,1167165.14
2016-02-15,1154000.00,1160000.00,1144000.00,1154000.00,183100,1153175.15
2016-02-12,1130000.00,1151000.00,1122000.00,1130000.00,256200,1129192.30
2016-02-11,1118000.00,1137000.00,1118000.00,1130000.00,305200,1129192.30
2016-02-10,1164000.00,1164000.00,1164000.00,1164000.00,000,1163168.00
2016-02-09,1164000.00,1164000.00,1164000.00,1164000.00,000,1163168.00
2016-02-08,1164000.00,1164000.00,1164000.00,1164000.00,000,1163168.00
2016-02-05,1156000.00,1169000.00,1156000.00,1164000.00,188000,1163168.00
2016-02-04,1150000.00,1161000.00,1148000.00,1156000.00,247900,1155173.72
2016-02-03,1150000.00,1152000.00,1137000.00,1146000.00,174500,1145180.86
2016-02-02,1161000.00,1166000.00,1147000.00,1156000.00,166300,1155173.72
2016-02-01,1152000.00,1163000.00,1151000.00,1163000.00,259900,1162168.71
2016-01-29,1140000.00,1150000.00,1116000.00,1150000.00,436900,1149178.00
2016-01-28,1164000.00,1168000.00,1139000.00,1145000.00,315900,1144181.58
2016-01-27,1126000.00,1175000.00,1126000.00,1175000.00,276200,1174160.13
2016-01-26,1155000.00,1157000.00,1136000.00,1137000.00,152300,1136187.30
2016-01-25,1172000.00,1176000.00,1156000.00,1162000.00,159900,1161169.43
2016-01-22,1145000.00,1168000.00,1145000.00,1168000.00,147500,1167165.14
2016-01-21,1133000.00,1155000.00,1125000.00,1131000.00,190300,1130191.59
2016-01-20,1160000.00,1160000.00,1132000.00,1138000.00,167000,1137186.58
2016-01-19,1128000.00,1171000.00,1128000.00,1171000.00,207200,1170162.99
2016-01-18,1088000.00,1133000.00,1088000.00,1126000.00,320200,1125195.16
2016-01-15,1140000.00,1152000.00,1124000.00,1132000.00,209400,1131190.87
2016-01-14,1131000.00,1142000.00,1131000.00,1138000.00,209000,1137186.58
2016-01-13,1153000.00,1159000.00,1148000.00,1148000.00,143300,1147179.43
2016-01-12,1148000.00,1166000.00,1144000.00,1146000.00,206200,1145180.86
2016-01-11,1156000.00,1166000.00,1146000.00,1152000.00,241200,1151176.57
2016-01-08,1163000.00,1186000.00,1163000.00,1171000.00,257700,1170162.99
2016-01-07,1166000.00,1183000.00,1151000.00,1163000.00,282300,1162168.71
2016-01-06,1208000.00,1208000.00,1168000.00,1175000.00,366700,1174160.13
2016-01-05,1202000.00,1218000.00,1186000.00,1208000.00,216000,1207136.55
2016-01-04,1260000.00,1260000.00,1205000.00,1205000.00,306900,1204138.69
2016-01-01,1260000.00,1260000.00,1260000.00,1260000.00,000,1259099.38
2015-12-31,1260000.00,1260000.00,1260000.00,1260000.00,000,1259099.38
2015-12-30,1260000.00,1272000.00,1254000.00,1260000.00,203900,1259099.38
2015-12-29,1265000.00,1266000.00,1241000.00,1254000.00,232900,1253103.67
2015-12-28,1285000.00,1289000.00,1266000.00,1266000.00,227200,1245109.34
2015-12-25,1285000.00,1285000.00,1285000.00,1285000.00,000,1263795.82
2015-12-24,1295000.00,1300000.00,1285000.00,1285000.00,156100,1263795.82
2015-12-23,1292000.00,1299000.00,1282000.00,1295000.00,207100,1273630.81
2015-12-22,1280000.00,1292000.00,1267000.00,1292000.00,206100,1270680.31
2015-12-21,1278000.00,1285000.00,1261000.00,1280000.00,160400,1258878.33
2015-12-18,1265000.00,1288000.00,1264000.00,1278000.00,168300,1256911.33
2015-12-17,1301000.00,1308000.00,1275000.00,1290000.00,174600,1268713.31
2015-12-16,1278000.00,1310000.00,1278000.00,1299000.00,207900,1277564.80
2015-12-15,1261000.00,1280000.00,1260000.00,1277000.00,175400,1255927.83
2015-12-14,1273000.00,1273000.00,1255000.00,1261000.00,222800,1240191.85
2015-12-11,1283000.00,1295000.00,1272000.00,1284000.00,206700,1262812.32
2015-12-10,1263000.00,1293000.00,1263000.00,1283000.00,303800,1261828.82
2015-12-09,1262000.00,1275000.00,1262000.00,1263000.00,181800,1242158.85
2015-12-08,1262000.00,1272000.00,1262000.00,1262000.00,138300,1241175.35
2015-12-07,1269000.00,1275000.00,1262000.00,1262000.00,196100,1241175.35
2015-12-04,1275000.00,1280000.00,1267000.00,1269000.00,192700,1248059.84
2015-12-03,1295000.00,1297000.00,1286000.00,1290000.00,166600,1268713.31
2015-12-02,1321000.00,1322000.00,1294000.00,1300000.00,229600,1278548.30
2015-12-01,1294000.00,1322000.00,1288000.00,1321000.00,252100,1299201.77
2015-11-30,1325000.00,1325000.00,1284000.00,1284000.00,534000,1262812.32
2015-11-27,1345000.00,1349000.00,1327000.00,1327000.00,169800,1305102.76
2015-11-26,1299000.00,1340000.00,1299000.00,1335000.00,185800,1312970.75
2015-11-25,1300000.00,1310000.00,1299000.00,1299000.00,142600,1277564.80
2015-11-24,1282000.00,1305000.00,1282000.00,1299000.00,159500,1277564.80
2015-11-23,1285000.00,1302000.00,1281000.00,1282000.00,198800,1260845.32
2015-11-20,1289000.00,1296000.00,1278000.00,1285000.00,168700,1263795.82
2015-11-19,1290000.00,1290000.00,1271000.00,1289000.00,192800,1267729.81
2015-11-18,1272000.00,1290000.00,1272000.00,1281000.00,167700,1259861.83
2015-11-17,1275000.00,1290000.00,1270000.00,1270000.00,186100,1249043.34
2015-11-16,1291000.00,1291000.00,1263000.00,1263000.00,275700,1242158.85
2015-11-13,1317000.00,1317000.00,1300000.00,1300000.00,177600,1278548.30
2015-11-12,1333000.00,1334000.00,1317000.00,1317000.00,157400,1295267.78
2015-11-11,1321000.00,1345000.00,1321000.00,1333000.00,140400,1311003.76
2015-11-10,1336000.00,1341000.00,1314000.00,1321000.00,197500,1299201.77
2015-11-09,1338000.00,1344000.00,1321000.00,1344000.00,185600,1321822.24
2015-11-06,1343000.00,1348000.00,1330000.00,1338000.00,164300,1315921.25
2015-11-05,1330000.00,1354000.00,1330000.00,1342000.00,173000,1319855.25
2015-11-04,1352000.00,1361000.00,1326000.00,1330000.00,281000,1308053.26
2015-11-03,1381000.00,1381000.00,1350000.00,1352000.00,301800,1329690.23
2015-11-02,1385000.00,1393000.00,1374000.00,1383000.00,386500,1360178.69
2015-10-30,1345000.00,1390000.00,1341000.00,1372000.00,509300,1349360.21
2015-10-29,1330000.00,1392000.00,1324000.00,1325000.00,630400,1303135.77
2015-10-28,1294000.00,1308000.00,1291000.00,1308000.00,271300,1286416.29
2015-10-27,1282000.00,1299000.00,1281000.00,1298000.00,132200,1276581.30
2015-10-26,1298000.00,1298000.00,1272000.00,1292000.00,152100,1270680.31
2015-10-23,1300000.00,1300000.00,1278000.00,1289000.00,263000,1267729.81
2015-10-22,1280000.00,1295000.00,1269000.00,1280000.00,230600,1258878.33
2015-10-21,1265000.00,1282000.00,1259000.00,1270000.00,139500,1249043.34
2015-10-20,1260000.00,1273000.00,1256000.00,1266000.00,150300,1245109.34
2015-10-19,1257000.00,1265000.00,1249000.00,1256000.00,117000,1235274.36
2015-10-16,1265000.00,1269000.00,1259000.00,1265000.00,143900,1244125.85
2015-10-15,1244000.00,1282000.00,1243000.00,1269000.00,248500,1248059.84
2015-10-14,1248000.00,1260000.00,1237000.00,1254000.00,175000,1233307.36
2015-10-13,1260000.00,1272000.00,1248000.00,1252000.00,198000,1231340.36
2015-10-12,1260000.00,1263000.00,1247000.00,1260000.00,378900,1239208.35
2015-10-09,1270000.00,1270000.00,1270000.00,1270000.00,000,1249043.34
2015-10-08,1250000.00,1279000.00,1250000.00,1270000.00,570600,1249043.34
2015-10-07,1198000.00,1252000.00,1186000.00,1251000.00,799500,1230356.86
2015-10-06,1130000.00,1155000.00,1127000.00,1151000.00,382900,1132007.00
2015-10-05,1119000.00,1131000.00,1115000.00,1115000.00,241900,1096601.04
2015-10-02,1112000.00,1133000.00,1112000.00,1119000.00,274300,1100535.04
2015-10-01,1140000.00,1145000.00,1121000.00,1134000.00,241000,1115287.52
2015-09-30,1100000.00,1134000.00,1090000.00,1134000.00,458900,1115287.52
2015-09-29,1112000.00,1112000.00,1112000.00,1112000.00,000,1093650.55
2015-09-28,1120000.00,1125000.00,1109000.00,1112000.00,209100,1093650.55
2015-09-25,1120000.00,1125000.00,1109000.00,1112000.00,209100,1093650.55
2015-09-24,1126000.00,1135000.00,1125000.00,1126000.00,132700,1107419.53
2015-09-23,1144000.00,1144000.00,1125000.00,1131000.00,197600,1112337.02
2015-09-22,1143000.00,1150000.00,1130000.00,1145000.00,250600,1126106.00
2015-09-21,1163000.00,1173000.00,1150000.00,1150000.00,205300,1131023.50
2015-09-18,1145000.00,1192000.00,1135000.00,1190000.00,436200,1170363.44
2015-09-17,1153000.00,1157000.00,1144000.00,1157000.00,273900,1137907.99
2015-09-16,1121000.00,1157000.00,1121000.00,1152000.00,343700,1132990.49
2015-09-15,1114000.00,1128000.00,1113000.00,1123000.00,232900,1104469.03
2015-09-14,1120000.00,1124000.00,1110000.00,1124000.00,167000,1105452.53
2015-09-11,1126000.00,1133000.00,1115000.00,1115000.00,204100,1096601.04
2015-09-10,1130000.00,1139000.00,1118000.00,1134000.00,362500,1115287.52
2015-09-09,1146000.00,1147000.00,1136000.00,1147000.00,259300,1128073.00
2015-09-08,1113000.00,1136000.00,1106000.00,1131000.00,182300,1112337.02
2015-09-07,1129000.00,1129000.00,1105000.00,1112000.00,191800,1093650.55
2015-09-04,1122000.00,1144000.00,1118000.00,1129000.00,251400,1110370.02
2015-09-03,1102000.00,1125000.00,1093000.00,1122000.00,304000,1103485.53
2015-09-02,1069000.00,1095000.00,1065000.00,1090000.00,312600,1072013.57
2015-09-01,1089000.00,1098000.00,1081000.00,1085000.00,240300,1067096.08
2015-08-31,1071000.00,1089000.00,1052000.00,1089000.00,408300,1071030.08
2015-08-28,1086000.00,1086000.00,1073000.00,1081000.00,462200,1063162.09
2015-08-27,1082000.00,1086000.00,1063000.00,1067000.00,495300,1049393.10
2015-08-26,1068000.00,1074000.00,1050000.00,1067000.00,558900,1049393.10
2015-08-25,1079000.00,1107000.00,1067000.00,1079000.00,392500,1061195.09
2015-08-24,1088000.00,1115000.00,1033000.00,1079000.00,448500,1061195.09
2015-08-21,1099000.00,1128000.00,1096000.00,1101000.00,408800,1082832.06
2015-08-20,1163000.00,1171000.00,1130000.00,1139000.00,216100,1120205.01
2015-08-19,1169000.00,1176000.00,1141000.00,1154000.00,401400,1134957.49
2015-08-18,1118000.00,1141000.00,1117000.00,1131000.00,231600,1112337.02
2015-08-17,1140000.00,1141000.00,1104000.00,1104000.00,227200,1085782.56
2015-08-14,1140000.00,1140000.00,1140000.00,1140000.00,000,1121188.51
2015-08-13,1153000.00,1153000.00,1138000.00,1140000.00,150400,1121188.51
2015-08-12,1150000.00,1164000.00,1140000.00,1154000.00,223000,1134957.49
2015-08-11,1151000.00,1179000.00,1148000.00,1157000.00,233200,1137907.99
2015-08-10,1140000.00,1142000.00,1130000.00,1141000.00,114400,1122172.01
2015-08-07,1120000.00,1137000.00,1115000.00,1136000.00,275700,1117254.51
2015-08-06,1155000.00,1156000.00,1115000.00,1115000.00,403900,1096601.04
2015-08-05,1182000.00,1182000.00,1158000.00,1159000.00,256000,1139874.98
2015-08-04,1175000.00,1187000.00,1170000.00,1182000.00,256800,1162495.45
2015-08-03,1184000.00,1184000.00,1166000.00,1175000.00,196800,1155610.96
2015-07-31,1220000.00,1222000.00,1175000.00,1185000.00,391500,1165445.95
2015-07-30,1258000.00,1260000.00,1215000.00,1215000.00,308300,1194950.91
2015-07-29,1250000.00,1275000.00,1231000.00,1263000.00,274600,1242158.85
2015-07-28,1224000.00,1251000.00,1219000.00,1230000.00,267600,1209703.39
2015-07-27,1229000.00,1247000.00,1228000.00,1230000.00,243000,1209703.39
2015-07-24,1227000.00,1238000.00,1224000.00,1229000.00,196500,1208719.89
2015-07-23,1244000.00,1253000.00,1234000.00,1234000.00,208900,1213637.39
2015-07-22,1244000.00,1260000.00,1235000.00,1253000.00,268300,1232323.86
2015-07-21,1275000.00,1277000.00,1247000.00,1263000.00,194000,1242158.85
2015-07-20,1291000.00,1304000.00,1273000.00,1275000.00,128900,1253960.83
2015-07-17,1300000.00,1311000.00,1278000.00,1305000.00,297200,1283465.79
2015-07-16,1223000.00,1287000.00,1223000.00,1282000.00,223400,1260845.32
2015-07-15,1225000.00,1238000.00,1224000.00,1235000.00,167400,1214620.89
2015-07-14,1265000.00,1270000.00,1221000.00,1225000.00,399700,1204785.90
2015-07-13,1250000.00,1272000.00,1245000.00,1266000.00,153400,1245109.34
2015-07-10,1257000.00,1266000.00,1248000.00,1259000.00,191400,1238224.85
2015-07-09,1230000.00,1265000.00,1226000.00,1265000.00,280600,1244125.85
2015-07-08,1240000.00,1251000.00,1232000.00,1239000.00,235600,1218554.88
2015-07-07,1220000.00,1259000.00,1220000.00,1240000.00,249500,1219538.38
2015-07-06,1253000.00,1260000.00,1223000.00,1230000.00,201900,1209703.39
2015-07-03,1287000.00,1294000.00,1267000.00,1268000.00,142600,1247076.34
2015-07-02,1286000.00,1304000.00,1285000.00,1299000.00,164400,1277564.80
2015-07-01,1268000.00,1302000.00,1259000.00,1295000.00,166400,1273630.81
2015-06-30,1276000.00,1285000.00,1266000.00,1268000.00,197400,1247076.34
2015-06-29,1269000.00,1285000.00,1256000.00,1281000.00,230300,1259861.83
2015-06-26,1252000.00,1290000.00,1252000.00,1278000.00,206900,1255927.84
2015-06-25,1290000.00,1303000.00,1269000.00,1269000.00,213900,1247083.27
2015-06-24,1300000.00,1311000.00,1291000.00,1302000.00,203900,1279513.34
2015-06-23,1309000.00,1328000.00,1291000.00,1321000.00,203100,1298185.19
2015-06-22,1291000.00,1296000.00,1276000.00,1281000.00,127400,1258876.02
2015-06-19,1266000.00,1278000.00,1260000.00,1266000.00,141800,1244135.09
2015-06-18,1259000.00,1279000.00,1251000.00,1265000.00,164900,1243152.36
2015-06-17,1250000.00,1266000.00,1240000.00,1254000.00,189000,1232342.34
2015-06-16,1270000.00,1274000.00,1245000.00,1255000.00,255300,1233325.07
2015-06-15,1255000.00,1274000.00,1255000.00,1270000.00,161300,1248066.00
2015-06-12,1278000.00,1287000.00,1264000.00,1277000.00,234800,1254945.11
2015-06-11,1263000.00,1274000.00,1253000.00,1257000.00,306200,1235290.53
2015-06-10,1282000.00,1294000.00,1262000.00,1262000.00,250000,1240204.17
2015-06-09,1300000.00,1310000.00,1268000.00,1282000.00,274700,1259858.75
2015-06-08,1345000.00,1347000.00,1313000.00,1314000.00,202300,1291306.09
2015-06-05,1325000.00,1355000.00,1320000.00,1341000.00,196500,1317839.77
2015-06-04,1315000.00,1341000.00,1305000.00,1337000.00,388200,1313908.86
2015-06-03,1303000.00,1316000.00,1265000.00,1273000.00,235300,1251014.19
2015-06-02,1300000.00,1303000.00,1288000.00,1303000.00,175100,1280496.07
2015-06-01,1300000.00,1301000.00,1288000.00,1291000.00,218400,1268703.32
2015-05-29,1320000.00,1321000.00,1297000.00,1307000.00,347600,1284426.98
2015-05-28,1317000.00,1321000.00,1301000.00,1309000.00,300900,1286392.44
2015-05-27,1360000.00,1366000.00,1313000.00,1314000.00,345300,1291306.09
2015-05-26,1366000.00,1369000.00,1336000.00,1362000.00,200600,1338477.08
2015-05-25,1350000.00,1350000.00,1350000.00,1350000.00,000,1326684.33
2015-05-22,1353000.00,1353000.00,1335000.00,1350000.00,163900,1326684.33
2015-05-21,1371000.00,1372000.00,1344000.00,1352000.00,144200,1328649.79
2015-05-20,1349000.00,1370000.00,1341000.00,1366000.00,205800,1342408.00
2015-05-19,1321000.00,1355000.00,1307000.00,1338000.00,173600,1314891.59
2015-05-18,1335000.00,1335000.00,1309000.00,1320000.00,192500,1297202.46
2015-05-15,1355000.00,1356000.00,1321000.00,1326000.00,178400,1303098.84
2015-05-14,1341000.00,1343000.00,1328000.00,1340000.00,169700,1316857.04
2015-05-13,1349000.00,1349000.00,1326000.00,1333000.00,197500,1309977.94
2015-05-12,1345000.00,1353000.00,1324000.00,1331000.00,212600,1308012.48
2015-05-11,1360000.00,1360000.00,1336000.00,1336000.00,192800,1312926.13
2015-05-08,1366000.00,1370000.00,1338000.00,1338000.00,189700,1314891.59
2015-05-07,1362000.00,1375000.00,1354000.00,1370000.00,205100,1346338.92
2015-05-06,1390000.00,1391000.00,1356000.00,1362000.00,265400,1338477.08
2015-05-05,1400000.00,1400000.00,1400000.00,1400000.00,000,1375820.79
2015-05-04,1407000.00,1423000.00,1397000.00,1400000.00,165600,1375820.79
2015-05-01,1410000.00,1410000.00,1410000.00,1410000.00,000,1385648.08
2015-04-30,1385000.00,1418000.00,1379000.00,1410000.00,367000,1385648.08
2015-04-29,1367000.00,1394000.00,1364000.00,1385000.00,217900,1361079.85
2015-04-28,1390000.00,1400000.00,1359000.00,1366000.00,313900,1342408.00
2015-04-27,1410000.00,1411000.00,1375000.00,1395000.00,330300,1370907.15
2015-04-24,1449000.00,1455000.00,1400000.00,1410000.00,381700,1385648.08
2015-04-23,1470000.00,1470000.00,1440000.00,1451000.00,184900,1425939.98
2015-04-22,1444000.00,1473000.00,1436000.00,1461000.00,253100,1435767.27
2015-04-21,1421000.00,1445000.00,1420000.00,1444000.00,237000,1419060.87
2015-04-20,1446000.00,1448000.00,1423000.00,1430000.00,247800,1405302.67
2015-04-17,1477000.00,1478000.00,1447000.00,1450000.00,203400,1424957.25
2015-04-16,1462000.00,1477000.00,1447000.00,1477000.00,215200,1451490.94
2015-04-15,1460000.00,1470000.00,1427000.00,1446000.00,271000,1421026.33
2015-04-14,1485000.00,1485000.00,1465000.00,1474000.00,188500,1448542.75
2015-04-13,1479000.00,1491000.00,1468000.00,1479000.00,205800,1453456.39
2015-04-10,1480000.00,1494000.00,1478000.00,1490000.00,199200,1464266.41
2015-04-09,1470000.00,1489000.00,1470000.00,1483000.00,182100,1457387.31
2015-04-08,1470000.00,1485000.00,1460000.00,1479000.00,155400,1453456.39
2015-04-07,1478000.00,1485000.00,1462000.00,1462000.00,190500,1436750.00
2015-04-06,1443000.00,1490000.00,1435000.00,1470000.00,211600,1444611.83
2015-04-03,1434000.00,1440000.00,1420000.00,1434000.00,125400,1409233.58
2015-04-02,1434000.00,1440000.00,1423000.00,1434000.00,138000,1409233.58
2015-04-01,1437000.00,1437000.00,1420000.00,1423000.00,145300,1398423.56
2015-03-31,1449000.00,1452000.00,1430000.00,1441000.00,196800,1416112.69
2015-03-30,1425000.00,1434000.00,1412000.00,1428000.00,179100,1403337.21
2015-03-27,1415000.00,1448000.00,1415000.00,1421000.00,321300,1396458.10
2015-03-26,1450000.00,1456000.00,1421000.00,1421000.00,420100,1396458.10
2015-03-25,1487000.00,1488000.00,1472000.00,1485000.00,187300,1459352.77
2015-03-24,1455000.00,1478000.00,1455000.00,1476000.00,182200,1450508.21
2015-03-23,1462000.00,1474000.00,1458000.00,1467000.00,162400,1441663.64
2015-03-20,1475000.00,1480000.00,1460000.00,1464000.00,254000,1438715.46
2015-03-19,1510000.00,1510000.00,1470000.00,1470000.00,264500,1444611.83
2015-03-18,1496000.00,1506000.00,1486000.00,1503000.00,249200,1477041.89
2015-03-17,1470000.00,1500000.00,1460000.00,1497000.00,273200,1471145.52
2015-03-16,1458000.00,1487000.00,1455000.00,1470000.00,179400,1444611.83
2015-03-13,1461000.00,1479000.00,1455000.00,1457000.00,188200,1431836.35
2015-03-12,1460000.00,1473000.00,1447000.00,1447000.00,383000,1422009.06
2015-03-11,1419000.00,1479000.00,1418000.00,1474000.00,422100,1448542.75
2015-03-10,1434000.00,1443000.00,1420000.00,1421000.00,208300,1396458.10
2015-03-09,1440000.00,1440000.00,1420000.00,1420000.00,156200,1395475.37
2015-03-06,1414000.00,1449000.00,1406000.00,1442000.00,234600,1417095.42
2015-03-05,1439000.00,1443000.00,1417000.00,1422000.00,192300,1397440.83
2015-03-04,1411000.00,1440000.00,1410000.00,1437000.00,232000,1412181.77
2015-03-03,1435000.00,1437000.00,1406000.00,1418000.00,274900,1393509.92
2015-03-02,1375000.00,1423000.00,1367000.00,1423000.00,436100,1398423.56
2015-02-27,1375000.00,1376000.00,1357000.00,1357000.00,260100,1333563.44
2015-02-26,1379000.00,1380000.00,1368000.00,1375000.00,163500,1351252.56
2015-02-25,1380000.00,1385000.00,1373000.00,1379000.00,167400,1355183.48
2015-02-24,1385000.00,1389000.00,1364000.00,1367000.00,217200,1343390.73
2015-02-23,1378000.00,1390000.00,1366000.00,1367000.00,306000,1343390.73
2015-02-20,1377000.00,1377000.00,1377000.00,1377000.00,000,1353218.02
2015-02-19,1377000.00,1377000.00,1377000.00,1377000.00,000,1353218.02
2015-02-18,1377000.00,1377000.00,1377000.00,1377000.00,000,1353218.02
2015-02-17,1374000.00,1377000.00,1364000.00,1377000.00,114900,1353218.02
2015-02-16,1368000.00,1374000.00,1361000.00,1374000.00,124500,1350269.83
2015-02-13,1360000.00,1361000.00,1345000.00,1361000.00,130400,1337494.36
2015-02-12,1340000.00,1358000.00,1331000.00,1344000.00,214900,1320787.96
2015-02-11,1374000.00,1374000.00,1354000.00,1355000.00,199400,1331597.98
2015-02-10,1400000.00,1400000.00,1377000.00,1378000.00,130300,1354200.75
2015-02-09,1360000.00,1399000.00,1357000.00,1395000.00,173800,1370907.15
2015-02-06,1346000.00,1374000.00,1336000.00,1372000.00,160100,1348304.38
2015-02-05,1359000.00,1369000.00,1346000.00,1358000.00,135400,1334546.17
2015-02-04,1375000.00,1381000.00,1359000.00,1359000.00,186500,1335528.90
2015-02-03,1380000.00,1380000.00,1359000.00,1366000.00,113000,1342408.00
2015-02-02,1365000.00,1377000.00,1356000.00,1368000.00,210400,1344373.46
2015-01-30,1360000.00,1377000.00,1360000.00,1365000.00,322200,1341425.27
2015-01-29,1368000.00,1395000.00,1357000.00,1360000.00,274000,1336511.63
2015-01-28,1386000.00,1390000.00,1374000.00,1378000.00,216600,1354200.75
2015-01-27,1375000.00,1400000.00,1374000.00,1400000.00,199100,1375820.79
2015-01-26,1375000.00,1395000.00,1364000.00,1389000.00,203000,1365010.77
2015-01-23,1400000.00,1400000.00,1377000.00,1386000.00,257100,1362062.58
2015-01-22,1398000.00,1399000.00,1378000.00,1378000.00,359100,1354200.75
2015-01-21,1367000.00,1395000.00,1360000.00,1395000.00,332200,1370907.15
2015-01-20,1350000.00,1372000.00,1345000.00,1372000.00,265500,1348304.38
2015-01-19,1329000.00,1349000.00,1320000.00,1343000.00,133400,1319805.23
2015-01-16,1334000.00,1334000.00,1313000.00,1316000.00,271300,1293271.54
2015-01-15,1345000.00,1349000.00,1329000.00,1334000.00,282000,1310960.67
2015-01-14,1339000.00,1355000.00,1335000.00,1345000.00,286600,1321770.69
2015-01-13,1314000.00,1340000.00,1300000.00,1339000.00,245800,1315874.31
2015-01-12,1313000.00,1319000.00,1301000.00,1316000.00,166500,1293271.54
2015-01-09,1314000.00,1322000.00,1314000.00,1314000.00,186200,1291306.09
2015-01-08,1339000.00,1339000.00,1310000.00,1314000.00,289500,1291306.09
2015-01-07,1294000.00,1311000.00,1282000.00,1307000.00,286400,1284426.98
2015-01-06,1315000.00,1317000.00,1288000.00,1295000.00,304700,1272634.23
2015-01-05,1336000.00,1336000.00,1313000.00,1333000.00,202700,1309977.94
2015-01-02,1340000.00,1340000.00,1327000.00,1330000.00,175400,1307029.75
2015-01-01,1327000.00,1327000.00,1327000.00,1327000.00,000,1304081.56
2014-12-31,1327000.00,1327000.00,1327000.00,1327000.00,000,1304081.56
2014-12-30,1330000.00,1335000.00,1321000.00,1327000.00,212900,1304081.56
2014-12-29,1345000.00,1347000.00,1329000.00,1329000.00,192700,1306047.02
2014-12-26,1343000.00,1355000.00,1343000.00,1352000.00,229700,1309486.57
2014-12-25,1343000.00,1343000.00,1343000.00,1343000.00,000,1300769.57
2014-12-24,1339000.00,1343000.00,1339000.00,1343000.00,125100,1300769.57
2014-12-23,1346000.00,1349000.00,1337000.00,1339000.00,219500,1296895.35
2014-12-22,1345000.00,1347000.00,1318000.00,1345000.00,358800,1302706.68
2014-12-19,1294000.00,1328000.00,1287000.00,1328000.00,367100,1286241.24
2014-12-18,1266000.00,1279000.00,1252000.00,1266000.00,236100,1226190.82
2014-12-17,1279000.00,1283000.00,1253000.00,1266000.00,261700,1226190.82
2014-12-16,1270000.00,1289000.00,1268000.00,1279000.00,257800,1238782.04
2014-12-15,1280000.00,1280000.00,1260000.00,1273000.00,286700,1232970.71
2014-12-12,1303000.00,1304000.00,1274000.00,1286000.00,287900,1245561.93
2014-12-11,1317000.00,1319000.00,1294000.00,1305000.00,409800,1263964.47
2014-12-10,1346000.00,1346000.00,1317000.00,1317000.00,319500,1275587.14
2014-12-09,1319000.00,1357000.00,1319000.00,1349000.00,271000,1306580.90
2014-12-08,1303000.00,1321000.00,1302000.00,1319000.00,158300,1277524.25
2014-12-05,1314000.00,1314000.00,1300000.00,1302000.00,112700,1261058.81
2014-12-04,1302000.00,1303000.00,1298000.00,1300000.00,177400,1259121.70
2014-12-03,1300000.00,1301000.00,1295000.00,1298000.00,194700,1257184.59
2014-12-02,1295000.00,1295000.00,1266000.00,1295000.00,184400,1254278.92
2014-12-01,1294000.00,1298000.00,1287000.00,1295000.00,257300,1254278.92
2014-11-28,1295000.00,1296000.00,1274000.00,1287000.00,196800,1246530.48
2014-11-27,1273000.00,1301000.00,1264000.00,1264000.00,887500,1224253.71
2014-11-26,1190000.00,1211000.00,1182000.00,1201000.00,245700,1163234.74
2014-11-25,1224000.00,1224000.00,1190000.00,1190000.00,356200,1152580.63
2014-11-24,1247000.00,1248000.00,1210000.00,1220000.00,205600,1181637.29
2014-11-21,1219000.00,1226000.00,1217000.00,1223000.00,246700,1184542.95
2014-11-20,1206000.00,1220000.00,1206000.00,1210000.00,200400,1171951.73
2014-11-19,1238000.00,1238000.00,1212000.00,1218000.00,250000,1179700.18
2014-11-18,1220000.00,1227000.00,1215000.00,1220000.00,215000,1181637.29
2014-11-17,1190000.00,1220000.00,1182000.00,1205000.00,193800,1167108.96
2014-11-14,1201000.00,1201000.00,1180000.00,1194000.00,212400,1156454.85
2014-11-13,1228000.00,1232000.00,1199000.00,1200000.00,230900,1162266.18
2014-11-12,1231000.00,1234000.00,1219000.00,1230000.00,181500,1191322.84
2014-11-11,1255000.00,1261000.00,1227000.00,1231000.00,242800,1192291.39
2014-11-10,1226000.00,1269000.00,1222000.00,1268000.00,384000,1228127.93
2014-11-07,1218000.00,1218000.00,1195000.00,1206000.00,120600,1168077.51
2014-11-06,1198000.00,1210000.00,1193000.00,1204000.00,171400,1166140.40
2014-11-05,1215000.00,1225000.00,1194000.00,1202000.00,203200,1164203.29
2014-11-04,1219000.00,1242000.00,1205000.00,1217000.00,260000,1178731.62
2014-11-03,1250000.00,1252000.00,1216000.00,1235000.00,269500,1196165.61
2014-10-31,1198000.00,1250000.00,1185000.00,1244000.00,772400,1204882.61
2014-10-30,1129000.00,1183000.00,1115000.00,1181000.00,491300,1143863.64
2014-10-29,1100000.00,1130000.00,1090000.00,1130000.00,274500,1094467.32
2014-10-28,1090000.00,1100000.00,1086000.00,1091000.00,124800,1056693.67
2014-10-27,1101000.00,1111000.00,1087000.00,1095000.00,167700,1060567.89
2014-10-24,1103000.00,1112000.00,1092000.00,1112000.00,167500,1077033.33
2014-10-23,1113000.00,1113000.00,1090000.00,1094000.00,170100,1059599.34
2014-10-22,1097000.00,1104000.00,1090000.00,1104000.00,222500,1069284.89
2014-10-21,1094000.00,1100000.00,1081000.00,1083000.00,235300,1048945.23
2014-10-20,1115000.00,1117000.00,1101000.00,1106000.00,189500,1071222.00
2014-10-17,1106000.00,1115000.00,1087000.00,1089000.00,325600,1054756.56
2014-10-16,1116000.00,1121000.00,1104000.00,1115000.00,302900,1079938.99
2014-10-15,1128000.00,1145000.00,1120000.00,1125000.00,282800,1089624.55
2014-10-14,1127000.00,1146000.00,1120000.00,1127000.00,331400,1091561.66
2014-10-13,1082000.00,1127000.00,1078000.00,1108000.00,226800,1073159.11
2014-10-10,1100000.00,1114000.00,1099000.00,1105000.00,436700,1070253.44
2014-10-09,1130000.00,1130000.00,1130000.00,1130000.00,000,1094467.32
2014-10-08,1142000.00,1151000.00,1124000.00,1130000.00,294400,1094467.32
2014-10-07,1162000.00,1186000.00,1162000.00,1162000.00,202900,1125461.09
2014-10-06,1145000.00,1156000.00,1138000.00,1151000.00,425000,1114806.98
2014-10-03,1141000.00,1141000.00,1141000.00,1141000.00,000,1105121.43
2014-10-02,1165000.00,1165000.00,1141000.00,1141000.00,254600,1105121.43
2014-10-01,1174000.00,1183000.00,1156000.00,1156000.00,238500,1119649.76
2014-09-30,1185000.00,1188000.00,1165000.00,1184000.00,247500,1146769.30
2014-09-29,1193000.00,1200000.00,1170000.00,1195000.00,188000,1157423.41
2014-09-26,1152000.00,1185000.00,1148000.00,1185000.00,248200,1147737.86
2014-09-25,1162000.00,1166000.00,1147000.00,1156000.00,388200,1119649.76
2014-09-24,1152000.00,1161000.00,1141000.00,1150000.00,315700,1113838.43
2014-09-23,1178000.00,1185000.00,1161000.00,1161000.00,390800,1124492.53
2014-09-22,1204000.00,1204000.00,1180000.00,1188000.00,320400,1150643.52
2014-09-19,1223000.00,1223000.00,1206000.00,1210000.00,268700,1171951.73
2014-09-18,1230000.00,1230000.00,1204000.00,1210000.00,189500,1171951.73
2014-09-17,1207000.00,1226000.00,1207000.00,1226000.00,150900,1187448.62
2014-09-16,1208000.00,1215000.00,1201000.00,1206000.00,141800,1168077.51
2014-09-15,1207000.00,1208000.00,1196000.00,1200000.00,143200,1162266.18
2014-09-12,1200000.00,1208000.00,1200000.00,1201000.00,217400,1163234.74
2014-09-11,1200000.00,1207000.00,1192000.00,1192000.00,466100,1154517.74
2014-09-10,1201000.00,1201000.00,1201000.00,1201000.00,000,1163234.74
2014-09-09,1201000.00,1201000.00,1201000.00,1201000.00,000,1163234.74
2014-09-08,1201000.00,1201000.00,1201000.00,1201000.00,000,1163234.74
2014-09-05,1215000.00,1216000.00,1195000.00,1201000.00,215400,1163234.74
2014-09-04,1210000.00,1216000.00,1202000.00,1210000.00,241900,1171951.73
2014-09-03,1200000.00,1200000.00,1180000.00,1189000.00,424700,1151612.08
2014-09-02,1221000.00,1225000.00,1194000.00,1194000.00,317900,1156454.85
2014-09-01,1236000.00,1237000.00,1224000.00,1226000.00,113200,1187448.62
2014-08-29,1238000.00,1238000.00,1228000.00,1234000.00,291100,1195197.06
2014-08-28,1258000.00,1258000.00,1236000.00,1242000.00,206200,1202945.50
2014-08-27,1223000.00,1237000.00,1222000.00,1230000.00,243400,1191322.84
2014-08-26,1235000.00,1235000.00,1221000.00,1222000.00,214300,1183574.40
2014-08-25,1231000.00,1231000.00,1221000.00,1228000.00,231500,1189385.73
2014-08-22,1245000.00,1247000.00,1235000.00,1247000.00,168100,1207788.28
2014-08-21,1255000.00,1261000.00,1231000.00,1235000.00,342100,1196165.61
2014-08-20,1264000.00,1271000.00,1251000.00,1261000.00,188600,1221348.05
2014-08-19,1264000.00,1273000.00,1253000.00,1254000.00,200800,1214568.16
2014-08-18,1279000.00,1280000.00,1250000.00,1250000.00,210300,1210693.94
2014-08-15,1261000.00,1261000.00,1261000.00,1261000.00,000,1221348.05
2014-08-14,1274000.00,1282000.00,1254000.00,1261000.00,208900,1221348.05
2014-08-13,1275000.00,1275000.00,1248000.00,1264000.00,256900,1224253.71
2014-08-12,1270000.00,1294000.00,1262000.00,1266000.00,179900,1226190.82
2014-08-11,1275000.00,1282000.00,1257000.00,1270000.00,372300,1230065.04
2014-08-08,1284000.00,1285000.00,1248000.00,1250000.00,412400,1210693.94
2014-08-07,1300000.00,1302000.00,1285000.00,1290000.00,190500,1249436.15
2014-08-06,1306000.00,1316000.00,1295000.00,1300000.00,216600,1259121.70
2014-08-05,1301000.00,1321000.00,1300000.00,1316000.00,172500,1274618.58
2014-08-04,1300000.00,1317000.00,1291000.00,1317000.00,241300,1275587.14
2014-08-01,1305000.00,1328000.00,1292000.00,1292000.00,564600,1251373.26
2014-07-31,1374000.00,1385000.00,1336000.00,1343000.00,487000,1300769.57
2014-07-30,1388000.00,1408000.00,1374000.00,1395000.00,347100,1351134.44
2014-07-29,1355000.00,1388000.00,1353000.00,1386000.00,256100,1342417.44
2014-07-28,1355000.00,1367000.00,1344000.00,1358000.00,179800,1315297.90
2014-07-25,1346000.00,1355000.00,1335000.00,1355000.00,175800,1312392.23
2014-07-24,1350000.00,1358000.00,1331000.00,1355000.00,161000,1312392.23
2014-07-23,1354000.00,1357000.00,1335000.00,1338000.00,128300,1295926.79
2014-07-22,1348000.00,1358000.00,1345000.00,1348000.00,126000,1305612.35
2014-07-21,1349000.00,1360000.00,1343000.00,1353000.00,161100,1310455.12
2014-07-18,1315000.00,1343000.00,1314000.00,1343000.00,194800,1300769.57
2014-07-17,1326000.00,1335000.00,1320000.00,1330000.00,218400,1288178.35
2014-07-16,1313000.00,1323000.00,1311000.00,1321000.00,182200,1279461.36
2014-07-15,1300000.00,1323000.00,1297000.00,1320000.00,239500,1278492.80
2014-07-14,1298000.00,1300000.00,1286000.00,1286000.00,141600,1245561.93
2014-07-11,1300000.00,1302000.00,1282000.00,1284000.00,215500,1243624.82
2014-07-10,1308000.00,1311000.00,1302000.00,1306000.00,179200,1264933.03
2014-07-09,1287000.00,1308000.00,1283000.00,1308000.00,236500,1266870.14
2014-07-08,1294000.00,1319000.00,1287000.00,1295000.00,241400,1254278.92
2014-07-07,1291000.00,1301000.00,1290000.00,1292000.00,188700,1251373.26
2014-07-04,1322000.00,1326000.00,1303000.00,1306000.00,119500,1264933.03
2014-07-03,1336000.00,1336000.00,1316000.00,1318000.00,170800,1276555.69
2014-07-02,1317000.00,1331000.00,1306000.00,1330000.00,222700,1288178.35
2014-07-01,1308000.00,1314000.00,1301000.00,1310000.00,174500,1268807.25
2014-06-30,1310000.00,1324000.00,1309000.00,1322000.00,177600,1280429.91
2014-06-27,1307000.00,1319000.00,1306000.00,1311000.00,179000,1269775.80
2014-06-26,1309000.00,1343000.00,1307000.00,1325000.00,255300,1282851.30
2014-06-25,1330000.00,1333000.00,1318000.00,1320000.00,204600,1278010.35
2014-06-24,1340000.00,1354000.00,1332000.00,1345000.00,237800,1302215.09
2014-06-23,1321000.00,1332000.00,1316000.00,1322000.00,249700,1279946.73
2014-06-20,1330000.00,1330000.00,1296000.00,1301000.00,478000,1259614.74
2014-06-19,1345000.00,1349000.00,1320000.00,1323000.00,446700,1280914.92
2014-06-18,1373000.00,1376000.00,1356000.00,1358000.00,220800,1314801.55
2014-06-17,1360000.00,1378000.00,1351000.00,1374000.00,269500,1330292.59
2014-06-16,1380000.00,1382000.00,1362000.00,1374000.00,306300,1330292.59
2014-06-13,1402000.00,1404000.00,1363000.00,1367000.00,371700,1323515.26
2014-06-12,1430000.00,1430000.00,1401000.00,1413000.00,258800,1368051.98
2014-06-11,1412000.00,1430000.00,1412000.00,1422000.00,172500,1376765.69
2014-06-10,1421000.00,1438000.00,1405000.00,1436000.00,184200,1390320.35
2014-06-09,1470000.00,1473000.00,1402000.00,1409000.00,445300,1364179.23
2014-06-06,1457000.00,1457000.00,1457000.00,1457000.00,000,1410652.33
2014-06-05,1466000.00,1480000.00,1450000.00,1457000.00,270100,1410652.33
2014-06-04,1470000.00,1470000.00,1470000.00,1470000.00,000,1423238.80
2014-06-03,1484000.00,1495000.00,1465000.00,1470000.00,344600,1423238.80
2014-06-02,1443000.00,1458000.00,1439000.00,1455000.00,148700,1408715.95
2014-05-30,1470000.00,1482000.00,1443000.00,1443000.00,316600,1397097.67
2014-05-29,1450000.00,1465000.00,1440000.00,1460000.00,250400,1413556.90
2014-05-28,1419000.00,1435000.00,1409000.00,1433000.00,184000,1387415.78
2014-05-27,1417000.00,1423000.00,1403000.00,1407000.00,94900,1362242.85
2014-05-26,1420000.00,1432000.00,1415000.00,1422000.00,74700,1376765.69
2014-05-23,1405000.00,1428000.00,1405000.00,1428000.00,170200,1382574.83
2014-05-22,1441000.00,1448000.00,1426000.00,1426000.00,190800,1380638.45
2014-05-21,1435000.00,1450000.00,1435000.00,1441000.00,216800,1395161.30
2014-05-20,1445000.00,1454000.00,1435000.00,1451000.00,320100,1404843.19
2014-05-19,1428000.00,1450000.00,1408000.00,1448000.00,385600,1401938.62
2014-05-16,1400000.00,1437000.00,1399000.00,1428000.00,317100,1382574.83
2014-05-15,1414000.00,1419000.00,1403000.00,1410000.00,136100,1365147.42
2014-05-14,1409000.00,1415000.00,1401000.00,1415000.00,222000,1369988.36
2014-05-13,1388000.00,1425000.00,1388000.00,1400000.00,242100,1355465.52
2014-05-12,1336000.00,1395000.00,1332000.00,1388000.00,318800,1343847.24
2014-05-09,1356000.00,1358000.00,1326000.00,1335000.00,263100,1292533.19
2014-05-08,1355000.00,1355000.00,1344000.00,1350000.00,325600,1307056.04
2014-05-07,1350000.00,1356000.00,1340000.00,1344000.00,283700,1301246.90
2014-05-06,1346000.00,1346000.00,1346000.00,1346000.00,000,1303183.28
2014-05-05,1346000.00,1346000.00,1346000.00,1346000.00,000,1303183.28
2014-05-02,1354000.00,1359000.00,1344000.00,1346000.00,298800,1303183.28
2014-05-01,1343000.00,1343000.00,1343000.00,1343000.00,000,1300278.71
2014-04-30,1380000.00,1381000.00,1326000.00,1343000.00,300900,1300278.71
2014-04-29,1389000.00,1395000.00,1351000.00,1360000.00,218100,1316737.93
2014-04-28,1404000.00,1406000.00,1382000.00,1388000.00,188600,1343847.24
2014-04-25,1420000.00,1428000.00,1398000.00,1399000.00,305300,1354497.33
2014-04-24,1409000.00,1409000.00,1399000.00,1407000.00,210900,1362242.85
2014-04-23,1394000.00,1395000.00,1382000.00,1389000.00,190000,1344815.43
2014-04-22,1374000.00,1384000.00,1371000.00,1375000.00,121600,1331260.78
2014-04-21,1379000.00,1386000.00,1375000.00,1380000.00,65900,1336101.73
2014-04-18,1370000.00,1379000.00,1370000.00,1378000.00,190300,1334165.35
2014-04-17,1376000.00,1380000.00,1366000.00,1370000.00,144800,1326419.83
2014-04-16,1370000.00,1392000.00,1363000.00,1380000.00,186100,1336101.73
2014-04-15,1386000.00,1387000.00,1369000.00,1370000.00,219300,1326419.83
2014-04-14,1365000.00,1386000.00,1365000.00,1370000.00,211700,1326419.83
2014-04-11,1362000.00,1368000.00,1359000.00,1365000.00,213100,1321578.88
2014-04-10,1369000.00,1380000.00,1360000.00,1380000.00,199900,1336101.73
2014-04-09,1394000.00,1395000.00,1364000.00,1371000.00,321200,1327388.02
2014-04-08,1387000.00,1399000.00,1375000.00,1394000.00,212100,1349656.38
2014-04-07,1397000.00,1397000.00,1374000.00,1397000.00,215200,1352560.95
2014-04-04,1377000.00,1397000.00,1377000.00,1380000.00,368000,1336101.73
2014-04-03,1351000.00,1395000.00,1351000.00,1390000.00,381900,1345783.62
2014-04-02,1350000.00,1357000.00,1343000.00,1357000.00,262000,1313833.36
2014-04-01,1345000.00,1345000.00,1331000.00,1339000.00,221600,1296405.95
2014-03-31,1345000.00,1345000.00,1322000.00,1343000.00,265100,1300278.71
2014-03-28,1320000.00,1338000.00,1320000.00,1335000.00,212900,1292533.19
2014-03-27,1290000.00,1333000.00,1285000.00,1333000.00,417500,1290596.81
2014-03-26,1269000.00,1290000.00,1248000.00,1285000.00,348800,1244123.71
2014-03-25,1269000.00,1270000.00,1241000.00,1247000.00,272500,1207332.50
2014-03-24,1260000.00,1274000.00,1259000.00,1273000.00,141400,1232505.43
2014-03-21,1269000.00,1273000.00,1262000.00,1273000.00,166400,1232505.43
2014-03-20,1270000.00,1272000.00,1262000.00,1262000.00,118700,1221855.35
2014-03-19,1280000.00,1285000.00,1268000.00,1269000.00,152700,1228632.67
2014-03-18,1270000.00,1283000.00,1266000.00,1278000.00,220900,1237346.38
2014-03-17,1275000.00,1276000.00,1258000.00,1266000.00,176400,1225728.11
2014-03-14,1270000.00,1285000.00,1270000.00,1275000.00,216700,1234441.81
2014-03-13,1294000.00,1313000.00,1290000.00,1290000.00,235000,1248964.66
2014-03-12,1320000.00,1320000.00,1293000.00,1294000.00,251500,1252837.42
2014-03-11,1320000.00,1327000.00,1309000.00,1322000.00,181500,1279946.73
2014-03-10,1320000.00,1330000.00,1317000.00,1320000.00,173100,1278010.35
2014-03-07,1339000.00,1339000.00,1329000.00,1339000.00,150900,1296405.95
2014-03-06,1329000.00,1329000.00,1310000.00,1326000.00,172300,1283819.48
2014-03-05,1335000.00,1341000.00,1330000.00,1330000.00,149800,1287692.24
2014-03-04,1320000.00,1329000.00,1315000.00,1315000.00,158000,1273169.40
2014-03-03,1336000.00,1340000.00,1321000.00,1325000.00,242000,1282851.30
2014-02-28,1337000.00,1349000.00,1332000.00,1349000.00,284600,1306087.85
2014-02-27,1335000.00,1342000.00,1330000.00,1341000.00,157800,1298342.33
2014-02-26,1337000.00,1343000.00,1325000.00,1342000.00,258300,1299310.52
2014-02-25,1332000.00,1340000.00,1326000.00,1334000.00,175700,1291565.00
2014-02-24,1334000.00,1345000.00,1321000.00,1328000.00,148500,1285755.86
2014-02-21,1333000.00,1333000.00,1300000.00,1330000.00,286900,1287692.24
2014-02-20,1290000.00,1296000.00,1281000.00,1286000.00,190800,1245091.90
2014-02-19,1300000.00,1300000.00,1280000.00,1290000.00,123500,1248964.66
2014-02-18,1285000.00,1299000.00,1282000.00,1295000.00,118200,1253805.61
2014-02-17,1292000.00,1306000.00,1280000.00,1285000.00,187700,1244123.71
2014-02-14,1296000.00,1308000.00,1292000.00,1301000.00,124400,1259614.74
2014-02-13,1300000.00,1320000.00,1290000.00,1298000.00,116700,1256710.17
2014-02-12,1331000.00,1331000.00,1305000.00,1307000.00,200500,1265423.88
2014-02-11,1281000.00,1315000.00,1272000.00,1311000.00,253600,1269296.64
2014-02-10,1271000.00,1281000.00,1262000.00,1277000.00,155900,1236378.19
2014-02-07,1275000.00,1279000.00,1263000.00,1275000.00,198800,1234441.81
2014-02-06,1245000.00,1267000.00,1240000.00,1259000.00,303900,1218950.78
2014-02-05,1245000.00,1255000.00,1234000.00,1237000.00,298500,1197650.61
2014-02-04,1263000.00,1263000.00,1249000.00,1249000.00,320600,1209268.88
2014-02-03,1286000.00,1288000.00,1271000.00,1272000.00,325100,1231537.24
2014-01-31,1280000.00,1280000.00,1280000.00,1280000.00,000,1239282.76
2014-01-30,1280000.00,1280000.00,1280000.00,1280000.00,000,1239282.76
2014-01-29,1280000.00,1288000.00,1277000.00,1280000.00,383600,1239282.76
2014-01-28,1273000.00,1293000.00,1273000.00,1283000.00,234000,1242187.33
2014-01-27,1293000.00,1304000.00,1285000.00,1292000.00,266900,1250901.04
2014-01-24,1300000.00,1318000.00,1291000.00,1307000.00,280000,1265423.88
2014-01-23,1316000.00,1322000.00,1299000.00,1299000.00,206700,1257678.36
2014-01-22,1314000.00,1328000.00,1312000.00,1328000.00,216500,1285755.86
2014-01-21,1315000.00,1327000.00,1311000.00,1324000.00,151200,1281883.11
2014-01-20,1305000.00,1319000.00,1296000.00,1316000.00,173600,1274137.59
2014-01-17,1301000.00,1315000.00,1292000.00,1292000.00,255400,1250901.04
2014-01-16,1300000.00,1310000.00,1293000.00,1301000.00,195000,1259614.74
2014-01-15,1330000.00,1331000.00,1298000.00,1299000.00,234900,1257678.36
2014-01-14,1297000.00,1330000.00,1290000.00,1313000.00,294300,1271233.02
2014-01-13,1283000.00,1297000.00,1273000.00,1295000.00,328900,1253805.61
2014-01-10,1275000.00,1286000.00,1272000.00,1272000.00,363700,1231537.24
2014-01-09,1307000.00,1307000.00,1275000.00,1275000.00,425000,1234441.81
2014-01-08,1300000.00,1304000.00,1287000.00,1291000.00,409400,1249932.85
2014-01-07,1300000.00,1318000.00,1295000.00,1304000.00,395200,1262519.31
2014-01-06,1303000.00,1320000.00,1296000.00,1307000.00,394700,1265423.88
2014-01-03,1300000.00,1311000.00,1287000.00,1296000.00,529900,1254773.80
2014-01-02,1348000.00,1355000.00,1302000.00,1309000.00,620500,1267360.26
2014-01-01,1372000.00,1372000.00,1372000.00,1372000.00,000,1328356.21
2013-12-31,1372000.00,1372000.00,1372000.00,1372000.00,000,1328356.21
2013-12-30,1396000.00,1397000.00,1360000.00,1372000.00,338100,1328356.21
2013-12-27,1410000.00,1411000.00,1395000.00,1396000.00,210200,1351592.76
2013-12-26,1408000.00,1415000.00,1401000.00,1408000.00,246100,1349850.02
2013-12-25,1415000.00,1415000.00,1415000.00,1415000.00,000,1356560.92
2013-12-24,1430000.00,1432000.00,1415000.00,1415000.00,219600,1356560.92
2013-12-23,1437000.00,1438000.00,1429000.00,1433000.00,212700,1373817.53
2013-12-20,1413000.00,1427000.00,1413000.00,1427000.00,168100,1368065.33
2013-12-19,1418000.00,1434000.00,1418000.00,1427000.00,211000,1368065.33
2013-12-18,1405000.00,1410000.00,1394000.00,1401000.00,217900,1343139.12
2013-12-17,1417000.00,1417000.00,1393000.00,1395000.00,155200,1337386.92
2013-12-16,1391000.00,1404000.00,1383000.00,1400000.00,179000,1342180.42
2013-12-13,1410000.00,1411000.00,1390000.00,1390000.00,201000,1332593.42
2013-12-12,1396000.00,1410000.00,1396000.00,1410000.00,299200,1351767.42
2013-12-11,1426000.00,1444000.00,1416000.00,1420000.00,212500,1361354.42
2013-12-10,1441000.00,1451000.00,1431000.00,1440000.00,155100,1380528.43
2013-12-09,1440000.00,1454000.00,1440000.00,1454000.00,139900,1393950.24
2013-12-06,1454000.00,1454000.00,1428000.00,1428000.00,182900,1369024.03
2013-12-05,1433000.00,1446000.00,1422000.00,1440000.00,209500,1380528.43
2013-12-04,1450000.00,1453000.00,1431000.00,1432000.00,216800,1372858.83
2013-12-03,1464000.00,1478000.00,1457000.00,1461000.00,155900,1400661.14
2013-12-02,1500000.00,1503000.00,1467000.00,1467000.00,149700,1406413.34
2013-11-29,1499000.00,1499000.00,1485000.00,1494000.00,135000,1432298.25
2013-11-28,1480000.00,1494000.00,1479000.00,1494000.00,212800,1432298.25
2013-11-27,1467000.00,1476000.00,1460000.00,1470000.00,187000,1409289.44
2013-11-26,1458000.00,1479000.00,1455000.00,1479000.00,171700,1417917.74
2013-11-25,1451000.00,1472000.00,1451000.00,1465000.00,132300,1404495.94
2013-11-22,1441000.00,1456000.00,1431000.00,1450000.00,171400,1390115.43
2013-11-21,1472000.00,1472000.00,1432000.00,1440000.00,180300,1380528.43
2013-11-20,1473000.00,1487000.00,1464000.00,1470000.00,163500,1409289.44
2013-11-19,1483000.00,1489000.00,1477000.00,1489000.00,163600,1427504.75
2013-11-18,1470000.00,1476000.00,1465000.00,1474000.00,127700,1413124.24
2013-11-15,1434000.00,1462000.00,1432000.00,1462000.00,166700,1401619.84
2013-11-14,1455000.00,1455000.00,1424000.00,1424000.00,202600,1365189.23
2013-11-13,1445000.00,1449000.00,1419000.00,1419000.00,199900,1360395.72
2013-11-12,1440000.00,1466000.00,1436000.00,1456000.00,195600,1395867.64
2013-11-11,1425000.00,1434000.00,1409000.00,1428000.00,171200,1369024.03
2013-11-08,1411000.00,1428000.00,1407000.00,1410000.00,273600,1351767.42
2013-11-07,1451000.00,1454000.00,1425000.00,1437000.00,260100,1377652.33
2013-11-06,1498000.00,1498000.00,1449000.00,1451000.00,244300,1391074.13
2013-11-05,1502000.00,1502000.00,1472000.00,1485000.00,160100,1423669.94
2013-11-04,1492000.00,1502000.00,1489000.00,1499000.00,217700,1437091.75
2013-11-01,1490000.00,1500000.00,1468000.00,1500000.00,227100,1438050.45
2013-10-31,1498000.00,1502000.00,1465000.00,1465000.00,252900,1404495.94
2013-10-30,1485000.00,1500000.00,1484000.00,1500000.00,211700,1438050.45
2013-10-29,1490000.00,1490000.00,1478000.00,1490000.00,206600,1428463.45
2013-10-28,1465000.00,1485000.00,1458000.00,1482000.00,226100,1420793.84
2013-10-25,1450000.00,1452000.00,1433000.00,1449000.00,134700,1389156.73
2013-10-24,1431000.00,1449000.00,1429000.00,1449000.00,178300,1389156.73
2013-10-23,1464000.00,1464000.00,1436000.00,1442000.00,171900,1382445.83
2013-10-22,1460000.00,1460000.00,1434000.00,1455000.00,247000,1394908.94
2013-10-21,1475000.00,1489000.00,1454000.00,1464000.00,142500,1403537.24
2013-10-18,1472000.00,1475000.00,1463000.00,1472000.00,157000,1411206.84
2013-10-17,1460000.00,1468000.00,1454000.00,1463000.00,181900,1402578.54
2013-10-16,1469000.00,1469000.00,1445000.00,1450000.00,160200,1390115.43
2013-10-15,1450000.00,1457000.00,1445000.00,1457000.00,200400,1396826.34
2013-10-14,1448000.00,1449000.00,1438000.00,1438000.00,147400,1378611.03
2013-10-11,1440000.00,1447000.00,1436000.00,1443000.00,225000,1383404.53
2013-10-10,1421000.00,1432000.00,1421000.00,1430000.00,276300,1370941.43
2013-10-09,1430000.00,1430000.00,1430000.00,1430000.00,000,1370941.43
2013-10-08,1417000.00,1433000.00,1417000.00,1430000.00,210900,1370941.43
2013-10-07,1437000.00,1437000.00,1425000.00,1436000.00,204500,1376693.63
2013-10-04,1438000.00,1442000.00,1414000.00,1418000.00,315000,1359437.02
2013-10-03,1418000.00,1418000.00,1418000.00,1418000.00,000,1359437.02
2013-10-02,1398000.00,1425000.00,1390000.00,1418000.00,351700,1359437.02
2013-10-01,1380000.00,1383000.00,1360000.00,1382000.00,195400,1324923.81
2013-09-30,1366000.00,1382000.00,1360000.00,1367000.00,233000,1310543.31
2013-09-27,1375000.00,1377000.00,1363000.00,1366000.00,232200,1309584.61
2013-09-26,1364000.00,1372000.00,1356000.00,1372000.00,207400,1315336.81
2013-09-25,1367000.00,1374000.00,1351000.00,1364000.00,223500,1307667.21
2013-09-24,1342000.00,1379000.00,1338000.00,1373000.00,302700,1316295.51
2013-09-23,1365000.00,1381000.00,1353000.00,1360000.00,487200,1303832.41
2013-09-20,1386000.00,1386000.00,1386000.00,1386000.00,000,1328758.61
2013-09-17,1420000.00,1420000.00,1381000.00,1386000.00,343600,1328758.61
2013-09-16,1423000.00,1425000.00,1411000.00,1425000.00,234200,1366147.93
2013-09-13,1409000.00,1410000.00,1396000.00,1406000.00,245600,1347932.62
2013-09-12,1405000.00,1424000.00,1395000.00,1410000.00,436100,1351767.42
2013-09-11,1398000.00,1402000.00,1385000.00,1402000.00,267000,1344097.82
2013-09-10,1369000.00,1396000.00,1368000.00,1396000.00,294300,1338345.62
2013-09-09,1371000.00,1375000.00,1363000.00,1373000.00,185800,1316295.51
2013-09-06,1370000.00,1375000.00,1358000.00,1369000.00,238700,1312460.71
2013-09-05,1370000.00,1371000.00,1358000.00,1365000.00,302000,1308625.91
2013-09-04,1330000.00,1354000.00,1321000.00,1340000.00,218400,1284658.40
2013-09-03,1364000.00,1364000.00,1326000.00,1337000.00,235900,1281782.30
2013-09-02,1368000.00,1371000.00,1350000.00,1351000.00,201600,1295204.10
2013-08-30,1360000.00,1368000.00,1351000.00,1368000.00,342700,1311502.01
2013-08-29,1317000.00,1348000.00,1314000.00,1344000.00,326300,1288493.20
2013-08-28,1284000.00,1310000.00,1284000.00,1309000.00,189800,1254938.69
2013-08-27,1307000.00,1309000.00,1295000.00,1304000.00,182600,1250145.19
2013-08-26,1301000.00,1305000.00,1296000.00,1300000.00,230300,1246310.39
2013-08-23,1280000.00,1300000.00,1271000.00,1295000.00,344000,1241516.89
2013-08-22,1250000.00,1267000.00,1245000.00,1255000.00,239600,1203168.88
2013-08-21,1265000.00,1282000.00,1256000.00,1256000.00,246900,1204127.58
2013-08-20,1296000.00,1305000.00,1269000.00,1269000.00,284600,1216590.68
2013-08-19,1286000.00,1296000.00,1280000.00,1286000.00,129900,1232888.58
2013-08-16,1286000.00,1301000.00,1282000.00,1295000.00,228300,1241516.89
2013-08-15,1300000.00,1300000.00,1300000.00,1300000.00,000,1246310.39
2013-08-14,1289000.00,1300000.00,1285000.00,1300000.00,260100,1246310.39
2013-08-13,1244000.00,1290000.00,1242000.00,1290000.00,418500,1236723.39
2013-08-12,1230000.00,1248000.00,1225000.00,1232000.00,202800,1181118.77
2013-08-09,1229000.00,1241000.00,1220000.00,1230000.00,241600,1179201.37
2013-08-08,1213000.00,1235000.00,1213000.00,1217000.00,358200,1166738.26
2013-08-07,1237000.00,1240000.00,1222000.00,1222000.00,315500,1171531.77
2013-08-06,1245000.00,1272000.00,1245000.00,1254000.00,289800,1202210.18
2013-08-05,1283000.00,1283000.00,1274000.00,1274000.00,161500,1221384.18
2013-08-02,1293000.00,1300000.00,1282000.00,1286000.00,224800,1232888.58
2013-08-01,1285000.00,1288000.00,1274000.00,1280000.00,181100,1227136.38
2013-07-31,1280000.00,1290000.00,1279000.00,1280000.00,254700,1227136.38
2013-07-30,1277000.00,1295000.00,1277000.00,1290000.00,188500,1236723.39
2013-07-29,1291000.00,1300000.00,1279000.00,1283000.00,236400,1230012.48
2013-07-26,1314000.00,1319000.00,1299000.00,1303000.00,272300,1249186.49
2013-07-25,1317000.00,1322000.00,1308000.00,1315000.00,169900,1260690.89
2013-07-24,1307000.00,1317000.00,1295000.00,1315000.00,175400,1260690.89
2013-07-23,1273000.00,1307000.00,1272000.00,1307000.00,238900,1253021.29
2013-07-22,1280000.00,1289000.00,1265000.00,1273000.00,207000,1220425.48
2013-07-19,1288000.00,1295000.00,1264000.00,1273000.00,325400,1220425.48
2013-07-18,1325000.00,1325000.00,1292000.00,1292000.00,314000,1238640.79
2013-07-17,1301000.00,1330000.00,1286000.00,1320000.00,246000,1265484.40
2013-07-16,1318000.00,1321000.00,1290000.00,1298000.00,186000,1244392.99
2013-07-15,1315000.00,1319000.00,1285000.00,1313000.00,192500,1258773.49
2013-07-12,1320000.00,1324000.00,1301000.00,1312000.00,227800,1257814.79
2013-07-11,1251000.00,1312000.00,1251000.00,1312000.00,415700,1257814.79
2013-07-10,1245000.00,1252000.00,1237000.00,1248000.00,346100,1196457.97
2013-07-09,1230000.00,1250000.00,1229000.00,1237000.00,393800,1185912.27
2013-07-08,1250000.00,1258000.00,1209000.00,1226000.00,529600,1175366.57
2013-07-05,1286000.00,1315000.00,1260000.00,1267000.00,607600,1214673.28
2013-07-04,1302000.00,1317000.00,1296000.00,1317000.00,180800,1262608.29
2013-07-03,1334000.00,1339000.00,1295000.00,1301000.00,256400,1247269.09
2013-07-02,1340000.00,1352000.00,1330000.00,1335000.00,204200,1279864.90
2013-07-01,1334000.00,1346000.00,1322000.00,1326000.00,256500,1271236.60
2013-06-28,1350000.00,1350000.00,1329000.00,1342000.00,419200,1286575.80
2013-06-27,1295000.00,1344000.00,1286000.00,1339000.00,515100,1283699.70
2013-06-26,1301000.00,1305000.00,1245000.00,1261000.00,635000,1208441.77
2013-06-25,1301000.00,1318000.00,1288000.00,1297000.00,415400,1242941.30
2013-06-24,1350000.00,1350000.00,1313000.00,1313000.00,316900,1258274.42
2013-06-21,1294000.00,1333000.00,1290000.00,1325000.00,553500,1269774.27
2013-06-20,1343000.00,1348000.00,1326000.00,1329000.00,356300,1273607.55
2013-06-19,1382000.00,1385000.00,1364000.00,1369000.00,205400,1311940.35
2013-06-18,1368000.00,1387000.00,1360000.00,1387000.00,220800,1329190.12
2013-06-17,1370000.00,1378000.00,1365000.00,1366000.00,235100,1309065.39
2013-06-14,1365000.00,1377000.00,1357000.00,1369000.00,351100,1311940.35
2013-06-13,1380000.00,1397000.00,1357000.00,1357000.00,670100,1300440.51
2013-06-12,1378000.00,1403000.00,1362000.00,1385000.00,457700,1327273.48
2013-06-11,1411000.00,1419000.00,1378000.00,1389000.00,692200,1331106.76
2013-06-10,1420000.00,1443000.00,1414000.00,1425000.00,533500,1365606.29
2013-06-07,1475000.00,1485000.00,1424000.00,1427000.00,1085800,1367522.93
2013-06-06,1521000.00,1521000.00,1521000.00,1521000.00,000,1457605.02
2013-06-05,1549000.00,1553000.00,1521000.00,1521000.00,271800,1457605.02
2013-06-04,1533000.00,1542000.00,1521000.00,1540000.00,169900,1475813.11
2013-06-03,1536000.00,1559000.00,1528000.00,1532000.00,206100,1468146.55
2013-05-31,1546000.00,1559000.00,1537000.00,1538000.00,360500,1473896.47
2013-05-30,1518000.00,1549000.00,1512000.00,1544000.00,455500,1479646.39
2013-05-29,1484000.00,1523000.00,1483000.00,1512000.00,295200,1448980.14
2013-05-28,1481000.00,1496000.00,1481000.00,1484000.00,231700,1422147.18
2013-05-27,1490000.00,1499000.00,1487000.00,1489000.00,122900,1426938.78
2013-05-24,1487000.00,1494000.00,1472000.00,1486000.00,203800,1424063.82
2013-05-23,1492000.00,1502000.00,1484000.00,1484000.00,239800,1422147.18
2013-05-22,1504000.00,1510000.00,1491000.00,1509000.00,198400,1446105.18
2013-05-21,1510000.00,1510000.00,1485000.00,1492000.00,232000,1429813.74
2013-05-20,1502000.00,1512000.00,1496000.00,1497000.00,245700,1434605.34
2013-05-17,1508000.00,1508000.00,1508000.00,1508000.00,000,1445146.86
2013-05-16,1501000.00,1514000.00,1500000.00,1508000.00,293100,1445146.86
2013-05-15,1485000.00,1500000.00,1484000.00,1500000.00,211800,1437480.30
2013-05-14,1487000.00,1500000.00,1483000.00,1500000.00,180000,1437480.30
2013-05-13,1471000.00,1480000.00,1462000.00,1477000.00,175000,1415438.94
2013-05-10,1514000.00,1514000.00,1476000.00,1476000.00,235800,1414480.62
2013-05-09,1490000.00,1520000.00,1489000.00,1515000.00,216100,1451855.10
2013-05-08,1493000.00,1498000.00,1479000.00,1488000.00,298400,1425980.46
2013-05-07,1508000.00,1508000.00,1491000.00,1493000.00,228600,1430772.06
2013-05-06,1540000.00,1540000.00,1512000.00,1514000.00,173000,1450896.78
2013-05-03,1535000.00,1537000.00,1521000.00,1535000.00,131100,1471021.51
2013-05-02,1526000.00,1532000.00,1517000.00,1528000.00,200900,1464313.27
2013-05-01,1520000.00,1520000.00,1520000.00,1520000.00,000,1456646.70
2013-04-30,1490000.00,1530000.00,1488000.00,1520000.00,374100,1456646.70
2013-04-29,1491000.00,1492000.00,1475000.00,1481000.00,170000,1419272.22
2013-04-26,1495000.00,1497000.00,1472000.00,1486000.00,233000,1424063.82
2013-04-25,1470000.00,1494000.00,1470000.00,1494000.00,209200,1431730.38
2013-04-24,1485000.00,1494000.00,1474000.00,1486000.00,201700,1424063.82
2013-04-23,1500000.00,1503000.00,1474000.00,1483000.00,177200,1421188.86
2013-04-22,1490000.00,1503000.00,1465000.00,1503000.00,186700,1440355.26
2013-04-19,1465000.00,1492000.00,1455000.00,1475000.00,314000,1413522.30
2013-04-18,1520000.00,1522000.00,1481000.00,1483000.00,267100,1421188.86
2013-04-17,1566000.00,1566000.00,1514000.00,1518000.00,209800,1454730.06
2013-04-16,1505000.00,1532000.00,1501000.00,1528000.00,371000,1464313.27
2013-04-15,1503000.00,1535000.00,1503000.00,1523000.00,215300,1459521.67
2013-04-12,1540000.00,1550000.00,1513000.00,1517000.00,214800,1453771.74
2013-04-11,1521000.00,1540000.00,1518000.00,1540000.00,225800,1475813.11
2013-04-10,1540000.00,1540000.00,1513000.00,1521000.00,235500,1457605.02
2013-04-09,1527000.00,1530000.00,1510000.00,1528000.00,184800,1464313.27
2013-04-08,1505000.00,1531000.00,1497000.00,1520000.00,259100,1456646.70
2013-04-05,1505000.00,1516000.00,1493000.00,1505000.00,299500,1442271.90
2013-04-04,1517000.00,1519000.00,1499000.00,1506000.00,214000,1443230.22
2013-04-03,1526000.00,1528000.00,1509000.00,1521000.00,217600,1457605.02
2013-04-02,1510000.00,1532000.00,1510000.00,1525000.00,171400,1461438.31
2013-04-01,1535000.00,1535000.00,1512000.00,1512000.00,105900,1448980.14
2013-03-29,1524000.00,1532000.00,1517000.00,1527000.00,190600,1463354.95
2013-03-28,1503000.00,1510000.00,1497000.00,1510000.00,159700,1447063.50
2013-03-27,1515000.00,1516000.00,1487000.00,1504000.00,257600,1441313.58
2013-03-26,1495000.00,1522000.00,1491000.00,1509000.00,336600,1446105.18
2013-03-25,1480000.00,1495000.00,1470000.00,1495000.00,205400,1432688.70
2013-03-22,1458000.00,1468000.00,1452000.00,1455000.00,213700,1394355.89
2013-03-21,1461000.00,1474000.00,1456000.00,1457000.00,235300,1396272.53
2013-03-20,1460000.00,1485000.00,1456000.00,1460000.00,270300,1399147.49
2013-03-19,1450000.00,1492000.00,1448000.00,1475000.00,279500,1413522.30
2013-03-18,1460000.00,1460000.00,1434000.00,1445000.00,528700,1384772.69
2013-03-15,1529000.00,1529000.00,1480000.00,1480000.00,732300,1418313.90
2013-03-14,1528000.00,1534000.00,1499000.00,1520000.00,251100,1456646.70
2013-03-13,1506000.00,1529000.00,1501000.00,1527000.00,226000,1463354.95
2013-03-12,1504000.00,1512000.00,1490000.00,1494000.00,174900,1431730.38
2013-03-11,1493000.00,1512000.00,1485000.00,1508000.00,274900,1445146.86
2013-03-08,1515000.00,1517000.00,1489000.00,1499000.00,378800,1436521.98
2013-03-07,1548000.00,1550000.00,1512000.00,1520000.00,269600,1456646.70
2013-03-06,1572000.00,1575000.00,1547000.00,1560000.00,202900,1494979.51
2013-03-05,1556000.00,1564000.00,1548000.00,1550000.00,185800,1485396.31
2013-03-04,1563000.00,1563000.00,1530000.00,1539000.00,265500,1474854.79
2013-03-01,1544000.00,1544000.00,1544000.00,1544000.00,000,1479646.39
2013-02-28,1530000.00,1554000.00,1530000.00,1544000.00,255600,1479646.39
2013-02-27,1559000.00,1559000.00,1519000.00,1527000.00,178700,1463354.95
2013-02-26,1515000.00,1538000.00,1508000.00,1527000.00,184800,1463354.95
2013-02-25,1549000.00,1549000.00,1530000.00,1530000.00,177900,1466229.91
2013-02-22,1530000.00,1548000.00,1520000.00,1530000.00,277000,1466229.91
2013-02-21,1540000.00,1558000.00,1535000.00,1550000.00,262400,1485396.31
2013-02-20,1502000.00,1545000.00,1497000.00,1545000.00,360700,1480604.71
2013-02-19,1480000.00,1499000.00,1479000.00,1492000.00,122600,1429813.74
2013-02-18,1490000.00,1501000.00,1481000.00,1490000.00,142100,1427897.10
2013-02-15,1490000.00,1498000.00,1477000.00,1498000.00,151900,1435563.66
2013-02-14,1490000.00,1494000.00,1477000.00,1490000.00,150600,1427897.10
2013-02-13,1474000.00,1489000.00,1456000.00,1487000.00,184100,1425022.14
2013-02-12,1484000.00,1484000.00,1459000.00,1468000.00,168300,1406814.05
2013-02-11,1462000.00,1462000.00,1462000.00,1462000.00,000,1401064.13
2013-02-08,1418000.00,1470000.00,1415000.00,1462000.00,268400,1401064.13
2013-02-07,1439000.00,1439000.00,1420000.00,1420000.00,194400,1360814.68
2013-02-06,1440000.00,1443000.00,1427000.00,1427000.00,137900,1367522.93
2013-02-05,1415000.00,1443000.00,1414000.00,1435000.00,227700,1375189.49
2013-02-04,1450000.00,1453000.00,1417000.00,1437000.00,257200,1377106.13
2013-02-01,1460000.00,1460000.00,1422000.00,1441000.00,231500,1380939.41
2013-01-31,1430000.00,1448000.00,1422000.00,1448000.00,321000,1387647.65
2013-01-30,1426000.00,1440000.00,1412000.00,1440000.00,323400,1379981.09
2013-01-29,1390000.00,1418000.00,1380000.00,1409000.00,432300,1350273.16
2013-01-28,1396000.00,1401000.00,1371000.00,1372000.00,617000,1314815.32
2013-01-25,1460000.00,1461000.00,1405000.00,1417000.00,435900,1357939.72
2013-01-24,1468000.00,1469000.00,1441000.00,1453000.00,319900,1392439.25
2013-01-23,1500000.00,1502000.00,1473000.00,1473000.00,185800,1411605.66
2013-01-22,1445000.00,1487000.00,1445000.00,1480000.00,238900,1418313.90
2013-01-21,1464000.00,1475000.00,1448000.00,1454000.00,290300,1393397.57
2013-01-18,1480000.00,1487000.00,1455000.00,1480000.00,250300,1418313.90
2013-01-17,1502000.00,1502000.00,1450000.00,1469000.00,404700,1407772.37
2013-01-16,1514000.00,1526000.00,1483000.00,1492000.00,324400,1429813.74
2013-01-15,1560000.00,1560000.00,1512000.00,1512000.00,214500,1448980.14
2013-01-14,1539000.00,1552000.00,1528000.00,1552000.00,159900,1487312.95
2013-01-11,1548000.00,1548000.00,1507000.00,1533000.00,238200,1469104.87
2013-01-10,1515000.00,1534000.00,1500000.00,1530000.00,293200,1466229.91
2013-01-09,1500000.00,1513000.00,1491000.00,1500000.00,253100,1437480.30
2013-01-08,1513000.00,1517000.00,1498000.00,1500000.00,276400,1437480.30
2013-01-07,1515000.00,1528000.00,1500000.00,1520000.00,252200,1456646.70
2013-01-04,1540000.00,1542000.00,1510000.00,1525000.00,259900,1461438.31
2013-01-03,1582000.00,1584000.00,1543000.00,1543000.00,284500,1478688.07
2013-01-02,1533000.00,1576000.00,1527000.00,1576000.00,228900,1510312.64
2013-01-01,1522000.00,1522000.00,1522000.00,1522000.00,000,1458563.35
2012-12-31,1522000.00,1522000.00,1522000.00,1522000.00,000,1458563.35
2012-12-28,1488000.00,1530000.00,1487000.00,1522000.00,211200,1458563.35
2012-12-27,1470000.00,1500000.00,1470000.00,1496000.00,182800,1433647.02
2012-12-26,1480000.00,1503000.00,1470000.00,1470000.00,280700,1401543.23
2012-12-25,1474000.00,1474000.00,1474000.00,1474000.00,000,1405356.96
2012-12-24,1448000.00,1476000.00,1442000.00,1474000.00,289700,1405356.96
2012-12-21,1493000.00,1496000.00,1440000.00,1442000.00,551500,1374847.17
2012-12-20,1515000.00,1529000.00,1495000.00,1503000.00,402500,1433006.45
2012-12-19,1515000.00,1515000.00,1515000.00,1515000.00,000,1444447.62
2012-12-18,1500000.00,1516000.00,1495000.00,1515000.00,270700,1444447.62
2012-12-17,1501000.00,1524000.00,1497000.00,1503000.00,310200,1433006.45
2012-12-14,1516000.00,1536000.00,1508000.00,1515000.00,278100,1444447.62
2012-12-13,1500000.00,1533000.00,1493000.00,1533000.00,613600,1461609.37
2012-12-12,1473000.00,1496000.00,1473000.00,1490000.00,304800,1420611.85
2012-12-11,1498000.00,1498000.00,1469000.00,1476000.00,253100,1407263.82
2012-12-10,1506000.00,1506000.00,1485000.00,1491000.00,261100,1421565.28
2012-12-07,1450000.00,1498000.00,1450000.00,1480000.00,317600,1411077.54
2012-12-06,1468000.00,1471000.00,1434000.00,1454000.00,284900,1386288.34
2012-12-05,1430000.00,1455000.00,1427000.00,1455000.00,248700,1387241.77
2012-12-04,1432000.00,1434000.00,1420000.00,1430000.00,190000,1363406.00
2012-12-03,1420000.00,1436000.00,1408000.00,1430000.00,204400,1363406.00
2012-11-30,1423000.00,1425000.00,1399000.00,1406000.00,328500,1340523.67
2012-11-29,1402000.00,1422000.00,1402000.00,1414000.00,261400,1348151.11
2012-11-28,1400000.00,1438000.00,1396000.00,1413000.00,281100,1347197.68
2012-11-27,1405000.00,1428000.00,1404000.00,1416000.00,236700,1350057.97
2012-11-26,1442000.00,1443000.00,1399000.00,1404000.00,274900,1338616.80
2012-11-23,1422000.00,1442000.00,1417000.00,1437000.00,246400,1370080.02
2012-11-22,1394000.00,1419000.00,1391000.00,1417000.00,298600,1351011.40
2012-11-21,1376000.00,1397000.00,1372000.00,1384000.00,355600,1319548.19
2012-11-20,1353000.00,1365000.00,1346000.00,1364000.00,268400,1300479.57
2012-11-19,1315000.00,1342000.00,1313000.00,1332000.00,202700,1269969.79
2012-11-16,1322000.00,1326000.00,1301000.00,1307000.00,243400,1246134.02
2012-11-15,1335000.00,1338000.00,1326000.00,1331000.00,199100,1269016.36
2012-11-14,1357000.00,1357000.00,1346000.00,1355000.00,208700,1291898.70
2012-11-13,1347000.00,1349000.00,1326000.00,1349000.00,146500,1286178.11
2012-11-12,1331000.00,1347000.00,1331000.00,1345000.00,139100,1282364.39
2012-11-09,1335000.00,1351000.00,1326000.00,1341000.00,291000,1278550.67
2012-11-08,1348000.00,1357000.00,1341000.00,1350000.00,306500,1287131.54
2012-11-07,1343000.00,1362000.00,1335000.00,1362000.00,193500,1298572.71
2012-11-06,1349000.00,1349000.00,1332000.00,1349000.00,179600,1286178.11
2012-11-05,1328000.00,1349000.00,1320000.00,1341000.00,261200,1278550.67
2012-11-02,1319000.00,1333000.00,1313000.00,1327000.00,370400,1265202.63
2012-11-01,1295000.00,1302000.00,1290000.00,1297000.00,209100,1236599.71
2012-10-31,1306000.00,1312000.00,1299000.00,1310000.00,212000,1248994.31
2012-10-30,1299000.00,1304000.00,1292000.00,1298000.00,132800,1237553.14
2012-10-29,1298000.00,1299000.00,1279000.00,1299000.00,228900,1238506.57
2012-10-26,1306000.00,1312000.00,1287000.00,1287000.00,275800,1227065.40
2012-10-25,1296000.00,1322000.00,1291000.00,1322000.00,237600,1260435.48
2012-10-24,1297000.00,1309000.00,1289000.00,1300000.00,269000,1239460.00
2012-10-23,1319000.00,1322000.00,1302000.00,1313000.00,185000,1251854.60
2012-10-22,1277000.00,1317000.00,1276000.00,1315000.00,234800,1253761.46
2012-10-19,1323000.00,1325000.00,1299000.00,1302000.00,279300,1241366.86
2012-10-18,1336000.00,1341000.00,1328000.00,1337000.00,209900,1274736.94
2012-10-17,1342000.00,1346000.00,1316000.00,1336000.00,179600,1273783.51
2012-10-16,1326000.00,1331000.00,1315000.00,1330000.00,213400,1268062.93
2012-10-15,1296000.00,1312000.00,1287000.00,1300000.00,206600,1239460.00
2012-10-12,1305000.00,1312000.00,1288000.00,1296000.00,299500,1235646.28
2012-10-11,1310000.00,1320000.00,1287000.00,1304000.00,475500,1243273.73
2012-10-10,1353000.00,1360000.00,1325000.00,1325000.00,259500,1263295.77
2012-10-09,1363000.00,1381000.00,1363000.00,1372000.00,175700,1308107.02
2012-10-08,1375000.00,1379000.00,1360000.00,1373000.00,240700,1309060.45
2012-10-05,1387000.00,1390000.00,1352000.00,1370000.00,356500,1306200.16
2012-10-04,1351000.00,1373000.00,1339000.00,1367000.00,382500,1303339.87
2012-10-03,1369000.00,1369000.00,1369000.00,1369000.00,000,1305246.73
2012-10-02,1354000.00,1371000.00,1352000.00,1369000.00,267500,1305246.73
2012-10-01,1346000.00,1346000.00,1346000.00,1346000.00,000,1283317.82
2012-09-28,1359000.00,1360000.00,1339000.00,1346000.00,358100,1283317.82
2012-09-27,1327000.00,1342000.00,1323000.00,1338000.00,290800,1275690.37
2012-09-26,1313000.00,1325000.00,1306000.00,1325000.00,241000,1263295.77
2012-09-25,1310000.00,1334000.00,1310000.00,1327000.00,226900,1265202.63
2012-09-24,1300000.00,1328000.00,1292000.00,1327000.00,263900,1265202.63
2012-09-21,1300000.00,1307000.00,1295000.00,1302000.00,298200,1241366.86
2012-09-20,1293000.00,1305000.00,1284000.00,1287000.00,283900,1227065.40
2012-09-19,1306000.00,1323000.00,1298000.00,1314000.00,242200,1252808.03
2012-09-18,1314000.00,1336000.00,1308000.00,1315000.00,224600,1253761.46
2012-09-17,1336000.00,1336000.00,1312000.00,1315000.00,297900,1253761.46
2012-09-14,1330000.00,1339000.00,1327000.00,1336000.00,497400,1273783.51
2012-09-13,1299000.00,1305000.00,1281000.00,1301000.00,389700,1240413.43
2012-09-12,1268000.00,1295000.00,1259000.00,1294000.00,369400,1233739.42
2012-09-11,1240000.00,1265000.00,1232000.00,1256000.00,197800,1197509.05
2012-09-10,1260000.00,1264000.00,1250000.00,1250000.00,317600,1191788.46
2012-09-07,1230000.00,1251000.00,1220000.00,1250000.00,510200,1191788.46
2012-09-06,1200000.00,1203000.00,1193000.00,1196000.00,247400,1140303.20
2012-09-05,1205000.00,1212000.00,1189000.00,1189000.00,347600,1133629.19
2012-09-04,1219000.00,1228000.00,1210000.00,1218000.00,198300,1161278.68
2012-09-03,1220000.00,1235000.00,1201000.00,1218000.00,278000,1161278.68
2012-08-31,1211000.00,1234000.00,1207000.00,1233000.00,406000,1175580.14
2012-08-30,1228000.00,1229000.00,1202000.00,1215000.00,324200,1158418.39
2012-08-29,1209000.00,1235000.00,1207000.00,1230000.00,468300,1172719.85
2012-08-28,1186000.00,1209000.00,1180000.00,1195000.00,555300,1139349.77
2012-08-27,1189000.00,1203000.00,1173000.00,1180000.00,1276000,1125048.31
2012-08-24,1270000.00,1287000.00,1264000.00,1275000.00,281500,1215624.23
2012-08-23,1261000.00,1287000.00,1249000.00,1287000.00,277100,1227065.40
2012-08-22,1269000.00,1281000.00,1257000.00,1264000.00,320600,1205136.50
2012-08-21,1292000.00,1302000.00,1282000.00,1282000.00,306300,1222298.25
2012-08-20,1270000.00,1283000.00,1255000.00,1283000.00,398800,1223251.68
2012-08-17,1344000.00,1345000.00,1286000.00,1295000.00,552800,1234692.85
2012-08-16,1354000.00,1355000.00,1338000.00,1345000.00,296400,1282364.39
2012-08-15,1345000.00,1345000.00,1345000.00,1345000.00,000,1282364.39
2012-08-14,1326000.00,1350000.00,1326000.00,1345000.00,287900,1282364.39
2012-08-13,1342000.00,1347000.00,1323000.00,1325000.00,197800,1263295.77
2012-08-10,1335000.00,1348000.00,1330000.00,1348000.00,294600,1285224.68
2012-08-09,1321000.00,1348000.00,1318000.00,1340000.00,612200,1277597.23
2012-08-08,1306000.00,1328000.00,1301000.00,1320000.00,389100,1258528.62
2012-08-07,1303000.00,1304000.00,1284000.00,1294000.00,205100,1233739.42
2012-08-06,1285000.00,1305000.00,1282000.00,1298000.00,245700,1237553.14
2012-08-03,1240000.00,1267000.00,1238000.00,1243000.00,311600,1185114.45
2012-08-02,1300000.00,1304000.00,1261000.00,1263000.00,319000,1204183.06
2012-08-01,1292000.00,1315000.00,1283000.00,1300000.00,380700,1239460.00
2012-07-31,1280000.00,1334000.00,1275000.00,1309000.00,674700,1248040.88
2012-07-30,1260000.00,1278000.00,1251000.00,1275000.00,382200,1215624.23
2012-07-27,1195000.00,1233000.00,1191000.00,1233000.00,533700,1175580.14
2012-07-26,1169000.00,1174000.00,1160000.00,1172000.00,273000,1117420.86
2012-07-25,1153000.00,1172000.00,1139000.00,1158000.00,272100,1104072.83
2012-07-24,1165000.00,1175000.00,1159000.00,1170000.00,291900,1115514.00
2012-07-23,1165000.00,1170000.00,1155000.00,1162000.00,256800,1107886.56
2012-07-20,1202000.00,1203000.00,1191000.00,1191000.00,239800,1135536.05
2012-07-19,1180000.00,1202000.00,1172000.00,1195000.00,496900,1139349.77
2012-07-18,1179000.00,1185000.00,1138000.00,1154000.00,292300,1100259.11
2012-07-17,1148000.00,1178000.00,1136000.00,1168000.00,317700,1113607.14
2012-07-16,1145000.00,1155000.00,1133000.00,1152000.00,305200,1098352.25
2012-07-13,1096000.00,1144000.00,1091000.00,1139000.00,541400,1085957.65
2012-07-12,1121000.00,1126000.00,1091000.00,1091000.00,497100,1040192.97
2012-07-11,1129000.00,1133000.00,1108000.00,1118000.00,360000,1065935.60
2012-07-10,1135000.00,1142000.00,1121000.00,1127000.00,354400,1074516.48
2012-07-09,1135000.00,1138000.00,1126000.00,1126000.00,425600,1073563.05
2012-07-06,1194000.00,1194000.00,1153000.00,1161000.00,423100,1106933.13
2012-07-05,1187000.00,1194000.00,1177000.00,1185000.00,181300,1129815.46
2012-07-04,1182000.00,1197000.00,1178000.00,1191000.00,383100,1135536.05
2012-07-03,1182000.00,1193000.00,1170000.00,1175000.00,316000,1120281.16
2012-07-02,1208000.00,1209000.00,1171000.00,1174000.00,382100,1119327.73
2012-06-29,1167000.00,1201000.00,1153000.00,1201000.00,372000,1145070.36
2012-06-28,1167000.00,1180000.00,1153000.00,1168000.00,207900,1113607.14
2012-06-27,1140000.00,1177000.00,1130000.00,1167000.00,470800,1112177.03
2012-06-26,1133000.00,1149000.00,1129000.00,1139000.00,505600,1085492.40
2012-06-25,1171000.00,1178000.00,1128000.00,1132000.00,826300,1078821.24
2012-06-22,1189000.00,1202000.00,1180000.00,1182000.00,625800,1126472.36
2012-06-21,1234000.00,1242000.00,1226000.00,1227000.00,255000,1169358.36
2012-06-20,1249000.00,1265000.00,1245000.00,1252000.00,264700,1193183.92
2012-06-19,1245000.00,1247000.00,1222000.00,1244000.00,296700,1185559.74
2012-06-18,1240000.00,1257000.00,1234000.00,1243000.00,352100,1184606.72
2012-06-15,1250000.00,1260000.00,1214000.00,1217000.00,608000,1159828.14
2012-06-14,1269000.00,1271000.00,1256000.00,1261000.00,439900,1201761.12
2012-06-13,1266000.00,1274000.00,1256000.00,1271000.00,191400,1211291.34
2012-06-12,1246000.00,1260000.00,1245000.00,1255000.00,176100,1196042.99
2012-06-11,1272000.00,1275000.00,1266000.00,1268000.00,198100,1208432.28
2012-06-08,1275000.00,1275000.00,1245000.00,1247000.00,199100,1188418.81
2012-06-07,1239000.00,1265000.00,1233000.00,1265000.00,418500,1205573.21
2012-06-06,1203000.00,1203000.00,1203000.00,1203000.00,000,1146485.83
2012-06-05,1201000.00,1209000.00,1193000.00,1203000.00,256900,1146485.83
2012-06-04,1198000.00,1205000.00,1192000.00,1196000.00,361300,1139814.67
2012-06-01,1213000.00,1237000.00,1199000.00,1233000.00,271000,1175076.50
2012-05-31,1213000.00,1213000.00,1192000.00,1211000.00,442100,1154110.01
2012-05-30,1238000.00,1240000.00,1215000.00,1226000.00,253000,1168405.34
2012-05-29,1212000.00,1238000.00,1206000.00,1238000.00,216300,1179841.61
2012-05-28,1225000.00,1225000.00,1225000.00,1225000.00,000,1167452.32
2012-05-25,1233000.00,1246000.00,1223000.00,1225000.00,203200,1167452.32
2012-05-24,1213000.00,1225000.00,1198000.00,1225000.00,305000,1167452.32
2012-05-23,1240000.00,1240000.00,1195000.00,1221000.00,323100,1163640.23
2012-05-22,1255000.00,1255000.00,1227000.00,1240000.00,476600,1181747.65
2012-05-21,1194000.00,1216000.00,1190000.00,1209000.00,474000,1152203.96
2012-05-18,1204000.00,1205000.00,1165000.00,1166000.00,600400,1111224.00
2012-05-17,1230000.00,1243000.00,1201000.00,1223000.00,660800,1165546.27
2012-05-16,1298000.00,1300000.00,1228000.00,1230000.00,769700,1172217.43
2012-05-15,1304000.00,1320000.00,1300000.00,1311000.00,311100,1249412.24
2012-05-14,1305000.00,1327000.00,1304000.00,1314000.00,301800,1252271.30
2012-05-11,1315000.00,1323000.00,1303000.00,1303000.00,272500,1241788.06
2012-05-10,1329000.00,1336000.00,1322000.00,1327000.00,262900,1264660.59
2012-05-09,1335000.00,1348000.00,1324000.00,1331000.00,253200,1268472.68
2012-05-08,1348000.00,1352000.00,1339000.00,1341000.00,240900,1278002.91
2012-05-07,1342000.00,1353000.00,1325000.00,1342000.00,378100,1278955.93
2012-05-04,1375000.00,1398000.00,1349000.00,1360000.00,409600,1296110.33
2012-05-03,1402000.00,1410000.00,1398000.00,1401000.00,206500,1335184.24
2012-05-02,1410000.00,1418000.00,1399000.00,1410000.00,368400,1343761.44
2012-05-01,1390000.00,1390000.00,1390000.00,1390000.00,000,1324701.00
2012-04-30,1395000.00,1409000.00,1377000.00,1390000.00,315100,1324701.00
2012-04-27,1355000.00,1383000.00,1351000.00,1374000.00,318100,1309452.64
2012-04-26,1320000.00,1340000.00,1317000.00,1340000.00,329500,1277049.88
2012-04-25,1304000.00,1315000.00,1293000.00,1305000.00,276400,1243694.10
2012-04-24,1265000.00,1286000.00,1262000.00,1283000.00,264700,1222727.61
2012-04-23,1269000.00,1280000.00,1262000.00,1279000.00,167700,1218915.52
2012-04-20,1294000.00,1297000.00,1278000.00,1282000.00,198000,1221774.59
2012-04-19,1292000.00,1307000.00,1289000.00,1307000.00,263100,1245600.15
2012-04-18,1277000.00,1302000.00,1269000.00,1293000.00,345000,1232257.84
2012-04-17,1251000.00,1264000.00,1241000.00,1249000.00,291000,1190324.85
2012-04-16,1273000.00,1276000.00,1250000.00,1259000.00,304400,1199855.08
2012-04-13,1265000.00,1277000.00,1260000.00,1268000.00,708100,1208432.28
2012-04-12,1283000.00,1299000.00,1268000.00,1273000.00,504800,1213197.39
2012-04-11,1311000.00,1311000.00,1311000.00,1311000.00,000,1249412.24
2012-04-10,1314000.00,1320000.00,1307000.00,1311000.00,223500,1249412.24
2012-04-09,1320000.00,1330000.00,1306000.00,1317000.00,171400,1255130.37
2012-04-06,1327000.00,1334000.00,1313000.00,1332000.00,205700,1269425.71
2012-04-05,1302000.00,1335000.00,1297000.00,1330000.00,258400,1267519.66
2012-04-04,1331000.00,1351000.00,1315000.00,1320000.00,291900,1257989.44
2012-04-03,1320000.00,1339000.00,1302000.00,1335000.00,330100,1272284.77
2012-04-02,1275000.00,1299000.00,1261000.00,1299000.00,251600,1237975.97
2012-03-30,1270000.00,1280000.00,1257000.00,1275000.00,305600,1215103.43
2012-03-29,1299000.00,1299000.00,1280000.00,1280000.00,233400,1219868.55
2012-03-28,1300000.00,1308000.00,1295000.00,1302000.00,198200,1240835.04
2012-03-27,1285000.00,1311000.00,1276000.00,1311000.00,283700,1249412.24
2012-03-26,1268000.00,1275000.00,1261000.00,1275000.00,184700,1215103.43
2012-03-23,1243000.00,1274000.00,1243000.00,1261000.00,216300,1201761.12
2012-03-22,1235000.00,1263000.00,1235000.00,1258000.00,253500,1198902.05
2012-03-21,1260000.00,1260000.00,1242000.00,1242000.00,258200,1183653.70
2012-03-20,1267000.00,1277000.00,1260000.00,1267000.00,238700,1207479.26
2012-03-19,1235000.00,1268000.00,1234000.00,1260000.00,237600,1200808.10
2012-03-16,1260000.00,1267000.00,1238000.00,1238000.00,361400,1179841.61
2012-03-15,1251000.00,1260000.00,1242000.00,1250000.00,280700,1191277.88
2012-03-14,1230000.00,1255000.00,1230000.00,1250000.00,365500,1191277.88
2012-03-13,1200000.00,1229000.00,1200000.00,1221000.00,239700,1163640.23
2012-03-12,1224000.00,1226000.00,1210000.00,1210000.00,236500,1153156.98
2012-03-09,1191000.00,1231000.00,1188000.00,1230000.00,364500,1172217.43
2012-03-08,1180000.00,1186000.00,1165000.00,1180000.00,405400,1124566.32
2012-03-07,1175000.00,1183000.00,1165000.00,1172000.00,230400,1116942.14
2012-03-06,1179000.00,1193000.00,1167000.00,1180000.00,211400,1124566.32
2012-03-05,1190000.00,1191000.00,1166000.00,1174000.00,223500,1118848.18
2012-03-02,1215000.00,1217000.00,1179000.00,1182000.00,360400,1126472.36
2012-03-01,1206000.00,1206000.00,1206000.00,1206000.00,000,1149344.90
2012-02-29,1191000.00,1209000.00,1191000.00,1206000.00,345500,1149344.90
2012-02-28,1196000.00,1200000.00,1181000.00,1185000.00,332900,1129331.43
2012-02-27,1174000.00,1180000.00,1159000.00,1171000.00,165400,1115989.11
2012-02-24,1153000.00,1186000.00,1153000.00,1180000.00,284800,1124566.32
2012-02-23,1173000.00,1179000.00,1151000.00,1160000.00,465100,1105505.87
2012-02-22,1182000.00,1200000.00,1172000.00,1197000.00,235500,1140767.69
2012-02-21,1175000.00,1198000.00,1165000.00,1180000.00,216100,1124566.32
2012-02-20,1178000.00,1194000.00,1166000.00,1175000.00,296200,1119801.20
2012-02-17,1159000.00,1180000.00,1156000.00,1176000.00,346100,1120754.23
2012-02-16,1130000.00,1140000.00,1121000.00,1135000.00,308200,1081680.31
2012-02-15,1098000.00,1138000.00,1092000.00,1135000.00,570400,1081680.31
2012-02-14,1084000.00,1089000.00,1074000.00,1080000.00,246300,1029264.09
2012-02-13,1069000.00,1089000.00,1067000.00,1083000.00,320300,1032123.15
2012-02-10,1084000.00,1084000.00,1061000.00,1062000.00,371500,1012109.68
2012-02-09,1087000.00,1090000.00,1060000.00,1084000.00,480100,1033076.17
2012-02-08,1099000.00,1100000.00,1084000.00,1092000.00,236100,1040700.35
2012-02-07,1077000.00,1096000.00,1073000.00,1093000.00,238400,1041653.38
2012-02-06,1084000.00,1091000.00,1066000.00,1074000.00,316700,1023545.95
2012-02-03,1071000.00,1084000.00,1056000.00,1066000.00,356000,1015921.77
2012-02-02,1086000.00,1104000.00,1068000.00,1080000.00,448000,1029264.09
2012-02-01,1107000.00,1107000.00,1078000.00,1079000.00,456900,1028311.06
2012-01-31,1105000.00,1120000.00,1089000.00,1107000.00,434600,1054995.69
2012-01-30,1129000.00,1130000.00,1109000.00,1115000.00,327000,1062619.87
2012-01-27,1120000.00,1125000.00,1111000.00,1125000.00,254800,1072150.09
2012-01-26,1116000.00,1121000.00,1094000.00,1113000.00,353100,1060713.82
2012-01-25,1092000.00,1125000.00,1092000.00,1114000.00,455000,1061666.84
2012-01-24,1105000.00,1105000.00,1105000.00,1105000.00,000,1053089.64
2012-01-23,1105000.00,1105000.00,1105000.00,1105000.00,000,1053089.64
2012-01-20,1090000.00,1105000.00,1076000.00,1105000.00,511000,1053089.64
2012-01-19,1038000.00,1072000.00,1037000.00,1072000.00,447700,1021639.91
2012-01-18,1051000.00,1052000.00,1022000.00,1030000.00,307100,981612.97
2012-01-17,1041000.00,1048000.00,1024000.00,1036000.00,341600,987331.10
2012-01-16,1040000.00,1040000.00,1020000.00,1030000.00,232200,981612.97
2012-01-13,1028000.00,1050000.00,1026000.00,1046000.00,292600,996861.33
2012-01-12,1016000.00,1029000.00,1011000.00,1028000.00,370200,979706.93
2012-01-11,1017000.00,1024000.00,1014000.00,1021000.00,382200,973035.77
2012-01-10,1021000.00,1036000.00,1021000.00,1026000.00,408200,977800.88
2012-01-09,1040000.00,1041000.00,1015000.00,1016000.00,385600,968270.66
2012-01-06,1056000.00,1066000.00,1030000.00,1040000.00,376300,991143.19
2012-01-05,1073000.00,1079000.00,1055000.00,1055000.00,345900,1005438.53
2012-01-04,1105000.00,1110000.00,1075000.00,1080000.00,342000,1029264.09
2012-01-03,1093000.00,1105000.00,1092000.00,1105000.00,338500,1053089.64
2012-01-02,1070000.00,1080000.00,1065000.00,1080000.00,263000,1029264.09
2011-12-30,1058000.00,1058000.00,1058000.00,1058000.00,000,1008297.59
2011-12-29,1062000.00,1077000.00,1057000.00,1058000.00,218400,1008297.59
2011-12-28,1073000.00,1073000.00,1060000.00,1061000.00,220400,1011156.66
2011-12-27,1068000.00,1080000.00,1053000.00,1073000.00,222600,1017827.84
2011-12-26,1067000.00,1075000.00,1066000.00,1066000.00,124300,1011187.77
2011-12-23,1056000.00,1074000.00,1056000.00,1068000.00,245900,1013084.93
2011-12-22,1045000.00,1053000.00,1041000.00,1052000.00,212600,997907.63
2011-12-21,1035000.00,1057000.00,1031000.00,1057000.00,408000,1002650.54
2011-12-20,1008000.00,1029000.00,1007000.00,1012000.00,275000,959964.37
2011-12-19,1045000.00,1045000.00,984000.00,1007000.00,409700,955221.47
2011-12-16,1021000.00,1045000.00,1020000.00,1045000.00,245200,991267.56
2011-12-15,1029000.00,1036000.00,1015000.00,1015000.00,339200,962810.12
2011-12-14,1034000.00,1045000.00,1025000.00,1040000.00,421200,986524.65
2011-12-13,1074000.00,1075000.00,1050000.00,1050000.00,264200,996010.47
2011-12-12,1063000.00,1084000.00,1060000.00,1084000.00,243200,1028262.23
2011-12-09,1049000.00,1074000.00,1037000.00,1053000.00,276000,998856.21
2011-12-08,1057000.00,1083000.00,1046000.00,1064000.00,517800,1009290.61
2011-12-07,1050000.00,1068000.00,1041000.00,1056000.00,394900,1001701.96
2011-12-06,1057000.00,1070000.00,1041000.00,1044000.00,290500,990318.98
